name|faculty_of|has_phd_info|phd_where
A. JAMES BARNES|INDIANA UNIVERSITY O'NEILL SCHOOL| 1967B.A., (WITH| 1967B.A., (WITH
ABHILASH MISHRA|HARRIS SCHOOL OF PUBLIC POLICY| RESEARCH LAB| IN 2008,
ABSERA MELAKU|HARRIS SCHOOL OF PUBLIC POLICY| FEDERALLY FUNDED| UNIVERSITY (CWRU).
ADAM HAMM|HARRIS SCHOOL OF PUBLIC POLICY| KNOWLEDGE AND EARN A DEGREE.| SPENT 4
ADAM ZELIZER|HARRIS SCHOOL OF PUBLIC POLICY| IN 2018.| DECISIONS –
ALEJANDRO MONROY-VELEZ|HARRIS SCHOOL OF PUBLIC POLICY| ADMINISTRATION (SSA).| ADMINISTRATION (SSA).
ALEKSANDRA LUKINA|HARRIS SCHOOL OF PUBLIC POLICY| DEGREE “CANDIDATE| DEGREE “CANDIDATE
ALEXANDER FOUIRNAIES|HARRIS SCHOOL OF PUBLIC POLICY| ECONOMETRICS.  MOST| INFERENCE AND APPLIED ECONOMETRICS.  MOST
ALICIA MENENDEZ|HARRIS SCHOOL OF PUBLIC POLICY| USD 20–22| BETWEEN 19 AND 28 PERCENT OF A STANDARD DEVIATION.
ALLI FOLEY|HARRIS SCHOOL OF PUBLIC POLICY|" THAT ACHIEVE SOCIAL IMPACT.
PRIOR"|" THAT ACHIEVE SOCIAL IMPACT.
PRIOR"
AMIR JINA|HARRIS SCHOOL OF PUBLIC POLICY| CROSS/RED CRESCENT IN SOUTH ASIA.| CROSS/RED CRESCENT IN SOUTH ASIA.
ANA ARELLANO JIMENEZ|HARRIS SCHOOL OF PUBLIC POLICY|" SCHOLAR. 
ANA"| AND ADEPT PROJECT MANAGEMENT.
ANDREW DAWSON|HARRIS SCHOOL OF PUBLIC POLICY| THE KIMBELL ART MUSEUM.| THE LAB SCHOOL AND STUDENT HEALTH SERVICES. 
ANDRÉS BARROSO CHAVEZ|HARRIS SCHOOL OF PUBLIC POLICY| MÉXICO (ITAM) IN MEXICO CITY.| MÉXICO (ITAM) IN MEXICO CITY.
ANI GATZ|HARRIS SCHOOL OF PUBLIC POLICY| PUBLIC LAND,| POLICY RELATED
ANJALI ADUKIA|HARRIS SCHOOL OF PUBLIC POLICY| TIMES BY U.| VISION (FDGV). (3)
ANNA MEDEARIS|HARRIS SCHOOL OF PUBLIC POLICY| ISSUES DIVISION| AMERICAN UNIVERSITY OF BEIRUT.
ANNETTE BROWN|HARRIS SCHOOL OF PUBLIC POLICY| META-RESEARCH.| JOURNALS,
ANTHONY FOWLER|HARRIS SCHOOL OF PUBLIC POLICY| PODCAST.| OF NOT ANOTHER POLITICS PODCAST.
ARDUINO TOMASI|HARRIS SCHOOL OF PUBLIC POLICY| POLICIES (SUCH| POLICIES (SUCH
AREMU MBANDE|HARRIS SCHOOL OF PUBLIC POLICY| OF COLOR.| OF COLOR.
ARIEL KALIL|HARRIS SCHOOL OF PUBLIC POLICY| LAB, SHE IS LEADING A VARIETY OF FIELD| PARENTING LAB,
ARNE DUNCAN|HARRIS SCHOOL OF PUBLIC POLICY| EDUCATIONAL ACHIEVEMENTS,| INSTITUTE, URBAN
ASHLEY MAYER|HARRIS SCHOOL OF PUBLIC POLICY| FINANCE DIVISION.| FINANCE DIVISION. ASHLEY
AUSTIN WRIGHT|HARRIS SCHOOL OF PUBLIC POLICY| YEAR 2021-2022,| YEAR 2021-2022,
AARON DESLATTE|INDIANA UNIVERSITY O'NEILL SCHOOL| UNIVERSITY, 2007| UNIVERSITY, 2013M.S.,
ADAM  LAZRI|INDIANA UNIVERSITY O'NEILL SCHOOL|VALUE ERROR|VALUE ERROR
ADAM W. HERBERT|INDIANA UNIVERSITY O'NEILL SCHOOL| 1971M.A.,| 1971M.A.,
ADRIAN SARGEANT|INDIANA UNIVERSITY O'NEILL SCHOOL| ENGLANDCERTIFICATE IN EDUCATION, UNIVERSITY OF| EXETERM.B.A.,
ADRIAN STARNES|INDIANA UNIVERSITY O'NEILL SCHOOL|MAAA,|MAAA,
ADRIENNE HARRIS|FORD SCHOOL OF PUBLIC POLICY| PROTECTION, AND HOUSING FINANCE REFORM. SHE PREVIOUSLY SERVED AS SPECIAL ASSISTANT FOR| PROTECTION, AND HOUSING FINANCE REFORM. SHE PREVIOUSLY SERVED AS SPECIAL ASSISTANT FOR
ALAN  WALSH|INDIANA UNIVERSITY O'NEILL SCHOOL| UNIVERSITYB.A.| UNIVERSITYB.A.
ALAN ALTSHULER|HARVARD KENNEDY SCHOOL| PROFESSOR OF URBAN POLICY AND PLANNING. AT THE KENNEDY SCHOOL, HE HAS BEEN| PLANNING AT THE MASSACHUSETTS INSTITUTE OF TECHNOLOGY, AND
ALBERTO  ORTEGA|INDIANA UNIVERSITY O'NEILL SCHOOL| 2017M.A., UNIVERSITY OF FLORIDA,| 2017M.A., UNIVERSITY OF FLORIDA,
ALEXANDER  ALEXEEV|INDIANA UNIVERSITY O'NEILL SCHOOL| SCIENCESPEA-P 507| SCIENCESPEA-P 507
ALLISON YOUATT SCHNABLE|INDIANA UNIVERSITY O'NEILL SCHOOL| SECTOR IN COMPARATIVE PERSPECTIVE (O’NEILL IN DENMARK)V221:| SECTOR IN COMPARATIVE PERSPECTIVE (O’NEILL IN DENMARK)V221:
AMANDA RUTHERFORD|INDIANA UNIVERSITY O'NEILL SCHOOL| UNIVERSITYMPA, UNIVERSITY OF OKLAHOMAB.A. AND B.B.A.,| OF OKLAHOMAB.A. AND B.B.A.,
AMANDA SCHERER|INDIANA UNIVERSITY O'NEILL SCHOOL|VALUE ERROR|VALUE ERROR
AMY HARRIS|FORD SCHOOL OF PUBLIC POLICY| STUDIES AND A BA FROM MIDDLEBURY COLLEGE. SHE RECEIVED AN AWARD FOR| STUDIES AND A BA FROM MIDDLEBURY COLLEGE. SHE RECEIVED AN AWARD FOR
AMY M.  STARK|INDIANA UNIVERSITY O'NEILL SCHOOL|MPA, NONPROFIT MANAGEMENT, INDIANA UNIVERSITY, 2020B.S.,|MPA, NONPROFIT MANAGEMENT, INDIANA UNIVERSITY, 2020B.S.,
AMY OSAJIMA|INDIANA UNIVERSITY O'NEILL SCHOOL| MINNESOTA, 1994B.M., CUM LAUDE,| MERAGE SCHOOL OF BUSINESS, 2009M.M., UNIVERSITY OF MINNESOTA, 1994B.M.,
ANDREA NEED|INDIANA UNIVERSITY O'NEILL SCHOOL| RESOURCES,| RESOURCES,
ANDRÉ FRANCO|INDIANA UNIVERSITY O'NEILL SCHOOL| 2015MS, BIOENERGY, UNIVERSIDADE ESTADUAL| 2015MS, BIOENERGY, UNIVERSIDADE ESTADUAL
ANH NGOC TRAN|INDIANA UNIVERSITY O'NEILL SCHOOL| ECONOMICS, UNIVERSITY OF NEW SOUTH WALES, 1999A.B.| ECONOMICS, UNIVERSITY OF NEW SOUTH WALES, 1999A.B.
ANNIE HSU|INDIANA UNIVERSITY O'NEILL SCHOOL| TAIWANPUBLIC FINANCE AND BUDGETINGFINANCIAL AND| TAIWANPUBLIC FINANCE AND
ANTONETTE MCCASTER|INDIANA UNIVERSITY O'NEILL SCHOOL| UNIVERSITY - SOUTH BEND, 1999ELEMENTS| UNIVERSITY - SOUTH BEND, 1999ELEMENTS
ANTUNG ANTHONY LIU|INDIANA UNIVERSITY O'NEILL SCHOOL| 2012M.A., UNIVERSITY OF CALIFORNIA-SANTA BARBARA.| 2012M.A., UNIVERSITY OF CALIFORNIA-SANTA BARBARA.
APRIL GRUDI|INDIANA UNIVERSITY O'NEILL SCHOOL|M.P.H., EMORY UNIVERSITY, 2008B.A.,|M.P.H., EMORY UNIVERSITY, 2008B.A.,
ARI  SOLOTOFF|INDIANA UNIVERSITY O'NEILL SCHOOL|JD,|JD,
ARTHUR APPLBAUM|HARVARD KENNEDY SCHOOL| FELLOW IN ETHICS AT HARVARD, AND| FELLOW IN ETHICS AT HARVARD, AND
ASHLEY CLARK|INDIANA UNIVERSITY O'NEILL SCHOOL| CAROLINA,| CAROLINA,
ASHLYN AIKO NELSON|INDIANA UNIVERSITY O'NEILL SCHOOL| ECONOMICS; B.S. (MAGNA| ECONOMICS; B.S. (MAGNA
AVRAM  G. PRIMACK|INDIANA UNIVERSITY O'NEILL SCHOOL| SCIENCE, ANTIOCH COLLEGE, 1979| SCIENCE, ANTIOCH COLLEGE, 1979
BARBARA WILLIAMS|HARRIS SCHOOL OF PUBLIC POLICY|" POLICY.
PRIOR"|" POLICY.
PRIOR"
BERENICE BARREIRO|HARRIS SCHOOL OF PUBLIC POLICY| PARTNERS. | A NETWORK OF INTERNAL PARTNERS.  BERENICE
BEVIS PARDEE|HARRIS SCHOOL OF PUBLIC POLICY|ANY’S| SEVERAL GROUNDBREAKING
BILLY MORGAN|HARRIS SCHOOL OF PUBLIC POLICY| PAT QUINN, BOTH IN AND OUT OF OFFICE.| ROLE, BILLY
BLAKE EDWARDS|HARRIS SCHOOL OF PUBLIC POLICY| TRAVEL: THERE’S A LOT OF WORLD OUT THERE TO EXPLORE.| BIT MORE ASKEW WITH EACH NARRATIVE.
BRANDON KURZWEG|HARRIS SCHOOL OF PUBLIC POLICY| COURSE WORK IN PMBOK PROJECT MANAGEMENT.| MANAGEMENT.
BRIAN FABES|HARRIS SCHOOL OF PUBLIC POLICY| DECADE AND A HALF.| DECADE AND A HALF.
BROOKE FOX|HARRIS SCHOOL OF PUBLIC POLICY| A LECTURER| A LECTURER
BRUCE D. MEYER|HARRIS SCHOOL OF PUBLIC POLICY| SINCE 2004.| SINCE 2004.
BAILEY ANSTEAD|INDIANA UNIVERSITY O'NEILL SCHOOL|JD, INDIANA UNIVERSITY,|JD,
BARRY M. RUBIN|INDIANA UNIVERSITY O'NEILL SCHOOL| PLANNING, UNIVERSITY OF WISCONSIN, MADISON, 1975B.S., MAGNA CUM| PLANNING, UNIVERSITY OF WISCONSIN, MADISON, 1975B.S., MAGNA
BEN INSKEEP|INDIANA UNIVERSITY O'NEILL SCHOOL|VALUE ERROR|VALUE ERROR
BETH  GAZLEY|INDIANA UNIVERSITY O'NEILL SCHOOL| PROFESSIONALS, 1996B.A., MIDDLEBURY COLLEGE, VERMONT, 1983C.E.P.,| PROFESSIONALS, 1996B.A., MIDDLEBURY COLLEGE, VERMONT, 1983C.E.P.,
BETH CATE|INDIANA UNIVERSITY O'NEILL SCHOOL| (SUMMA CUM LAUDE), ECONOMICS, GEORGE WASHINGTON UNIVERSITY, 1988CAPSTONE| (SUMMA CUM LAUDE), ECONOMICS, GEORGE WASHINGTON UNIVERSITY, 1988CAPSTONE
BETH CHIMERA|FORD SCHOOL OF PUBLIC POLICY| HAS TAUGHT EXPOSITORY AND CREATIVE WRITING, AND IS THE RECIPIENT OF A PUSHCART| HAS TAUGHT EXPOSITORY AND CREATIVE WRITING, AND IS THE RECIPIENT OF A PUSHCART
BRAD R. FULTON|INDIANA UNIVERSITY O'NEILL SCHOOL| AFFAIRSSTATISTICS FOR THE SOCIAL SCIENCES (ALSO| AFFAIRSSTATISTICS FOR THE SOCIAL SCIENCES (ALSO
BRAD SCHROEDER|INDIANA UNIVERSITY O'NEILL SCHOOL| ENGINEERING, CALIFORNIA STATE UNIVERSITY, CHICO, 1984| ENGINEERING, CALIFORNIA STATE UNIVERSITY, CHICO, 1984
BRADFORD WESTRICH|INDIANA UNIVERSITY O'NEILL SCHOOL| STATE UNIVERSITY,| STATE UNIVERSITY,
BRADLEY T. HEIM|INDIANA UNIVERSITY O'NEILL SCHOOL| MATHEMATICAL SCIENCES, (MAGNA CUM LAUDE), JOHNS HOPKINS UNIVERSITY, 1997FINANCIAL| MATHEMATICAL SCIENCES, (MAGNA CUM LAUDE), JOHNS HOPKINS UNIVERSITY, 1997FINANCIAL
BRIAN A. JACOB|FORD SCHOOL OF PUBLIC POLICY| GAPS AFFECT STUDENT PERFORMANCE.” EDUCATION FINANCE AND POLICY.| GAPS AFFECT STUDENT PERFORMANCE.” EDUCATION FINANCE AND POLICY.
BRIAN DELONG|INDIANA UNIVERSITY O'NEILL SCHOOL| UNIVERSITY, 2008B.A.,| UNIVERSITY, 2008B.A.,
BRIAN PAYNE|INDIANA UNIVERSITY O'NEILL SCHOOL|VALUE ERROR|VALUE ERROR
BRIAN RICHARDSON JR.|INDIANA UNIVERSITY O'NEILL SCHOOL| EDWARDSVILLE,| EDWARDSVILLE,
BRIAN RICHWINE|INDIANA UNIVERSITY O'NEILL SCHOOL| KETTERING UNIVERSITY, FLINT, MICHIGAN,  1991| KETTERING UNIVERSITY, FLINT, MICHIGAN,  1991
BRIAN VOLSKY|INDIANA UNIVERSITY O'NEILL SCHOOL| POLICYMAKING THE| LAW SCHOOL,
BURNELL FISCHER|INDIANA UNIVERSITY O'NEILL SCHOOL| 1974M.S.F., PURDUE UNIVERSITY, 1971B.S.F.,| 1974M.S.F., PURDUE UNIVERSITY, 1971B.S.F.,
C. KURT ZORN|INDIANA UNIVERSITY O'NEILL SCHOOL| UNIVERSITY, 1978B.A.| UNIVERSITY, 1978B.A.
CARLOS FERNANDEZ VALDOVINOS|HARRIS SCHOOL OF PUBLIC POLICY| IN 2011. IN| ECONOMY.
CAROL BROWN|HARRIS SCHOOL OF PUBLIC POLICY| AFFAIRS (WASHINGTON DC BRANCH),| AFFAIRS (WASHINGTON DC BRANCH),
CAROLIN PFLUEGER|HARRIS SCHOOL OF PUBLIC POLICY| RESEARCH (CEPR) RESEARCH AFFILIATE. HER| RESEARCH (CEPR) RESEARCH
CAROLINE JOHNSON|HARRIS SCHOOL OF PUBLIC POLICY| AMONG OTHERS.| MEMOIR, JET
CAROLINE SELBY|HARRIS SCHOOL OF PUBLIC POLICY| CLOSER TO FAMILY AND FRIENDS.| FROM, TO BE CLOSER TO FAMILY AND FRIENDS.
CAROLYN SLOANE|HARRIS SCHOOL OF PUBLIC POLICY|" RESEARCH:  ""COLLEGE"|" RESEARCH:  ""COLLEGE"
CAT JACOB|HARRIS SCHOOL OF PUBLIC POLICY|" PRACTITIONER PROGRAMMING. 
BEFORE"| GOVERNMENT (CEG),
CATHERINE COHEN|HARRIS SCHOOL OF PUBLIC POLICY| PROTOCOLS, ATHLETE| AS MANAGED CONTEST AND PRIZING OPERATIONS.
CATINA LATHAM|HARRIS SCHOOL OF PUBLIC POLICY| SINCE 2019.| SINCE 2019.
CHAD BROUGHTON|HARRIS SCHOOL OF PUBLIC POLICY| THE 2015 BOOK, BOOM,| THE 2015 BOOK, BOOM,
CHASSE REHWINKEL|HARRIS SCHOOL OF PUBLIC POLICY| JULY 1, 2023.| COLLEGE.
CHENHAO TAN|HARRIS SCHOOL OF PUBLIC POLICY| SYSTEMS, AND TO WHAT EXTEND.| SYSTEMS, AND TO WHAT EXTEND.
CHRIS CLAPP|HARRIS SCHOOL OF PUBLIC POLICY| WORK RELATED| DOG, BOOMER.
CHRISTINA XU|HARRIS SCHOOL OF PUBLIC POLICY| WITH FUNDING| CONCENTRATION IN MARKETING AND FINANCE.
CHRISTOPHER BERRY|HARRIS SCHOOL OF PUBLIC POLICY| PROFESSOR BERRY'S| ASSOCIATION, THEORY
CHRISTOPHER BLATTMAN|HARRIS SCHOOL OF PUBLIC POLICY| COLOMBIA, AND THE UNITED STATES.| BANK,
CLAIRE PALANDRI|HARRIS SCHOOL OF PUBLIC POLICY| TO 2 AREAS: (I)| AGROPARISTECH (FRANCE).
CLAYTON HARRIS|HARRIS SCHOOL OF PUBLIC POLICY| FINANCES, JUDICIAL, ETC.| WHITE &
COLM O'MUIRCHEARTAIGH|HARRIS SCHOOL OF PUBLIC POLICY| THE 2010 CENSUS.| KENYA, LESOTHO, AND PERU.
CYNTHIA TAYLOR|HARRIS SCHOOL OF PUBLIC POLICY| ELEVEN YEARS.| IN 2017,
CANDACE BERTOTTI|HARVARD KENNEDY SCHOOL| CHANGE?WATCH CANDACE'S BIG IDEA:  WWW.TINYURL.COM/CANDACEBIGIDEA| CHANGE?WATCH CANDACE'S BIG IDEA:  WWW.TINYURL.COM/CANDACEBIGIDEA
CARLEIGH BERIONT|HARVARD KENNEDY SCHOOL|VALUE ERROR|VALUE ERROR
CATHERINE H. HAUSMAN|FORD SCHOOL OF PUBLIC POLICY| JOURNAL: ECONOMIC POLICY, THE BROOKINGS PAPERS ON ECONOMIC ACTIVITY, AND THE| JOURNAL: ECONOMIC POLICY, THE BROOKINGS PAPERS ON ECONOMIC ACTIVITY, AND THE
CHARLES  DUNLAP|INDIANA UNIVERSITY O'NEILL SCHOOL| 1996INSTITUTE ON INTERNATIONAL AND COMPARATIVE LAW,| 1996INSTITUTE ON INTERNATIONAL AND COMPARATIVE LAW,
CHARLES BONSER|INDIANA UNIVERSITY O'NEILL SCHOOL|DBA, BUSINESS ADMINISTRATION, INDIANA UNIVERSITY,| ADMINISTRATION, INDIANA UNIVERSITY,
CHARLES R. WISE|INDIANA UNIVERSITY O'NEILL SCHOOL| UNIVERSITY, 1972M.A., INDIANA UNIVERSITY, 1970B.A.,| UNIVERSITY, 1972M.A., INDIANA UNIVERSITY, 1970B.A.,
CHARLIE PRIDE, JR.|INDIANA UNIVERSITY O'NEILL SCHOOL| INDIANA, 2013B.S., ACCOUNTING AND PROFESSIONAL SERVICES,| INDIANA, 2013B.S., ACCOUNTING AND PROFESSIONAL SERVICES,
CHARLOTTE CAVAILLÉ|FORD SCHOOL OF PUBLIC POLICY| THE DYNAMICS OF POPULAR ATTITUDES TOWARDS REDISTRIBUTIVE SOCIAL POLICIES AT A TIME| POPULISM. CAVAILLÉ RECEIVED HER PHD IN GOVERNMENT AND
CHERYL K.  HUGHES|INDIANA UNIVERSITY O'NEILL SCHOOL| ADMINISTRATION, INDIANA WESLEYAN UNIVERSITY, 1999DIVERSITYHUMAN| ADMINISTRATION, INDIANA WESLEYAN UNIVERSITY, 1999DIVERSITYHUMAN
CHRIS JACKSON|INDIANA UNIVERSITY O'NEILL SCHOOL| 2013B.A., POLITICAL SCIENCE,| SCIENCE,
CHRIS SCHRADER|INDIANA UNIVERSITY O'NEILL SCHOOL|VALUE ERROR|VALUE ERROR
CHRIS WAYNE|INDIANA UNIVERSITY O'NEILL SCHOOL| H124HEALTHCARE ETHICS - H374HOSPITAL| ADMINISTRATION, SULLIVAN UNIVERSITYMS,
CHRISTOPHER  KOHLER|INDIANA UNIVERSITY O'NEILL SCHOOL| GEOLOGY, INDIANA UNIVERSITY, 1985B.A.,| GEOLOGY, INDIANA UNIVERSITY, 1985B.A.,
CHRISTOPHER CRAFT|INDIANA UNIVERSITY O'NEILL SCHOOL| UNIVERSITY, 1987M.S., ECOLOGY, UNIVERSITY OF TENNESSEE, 1983B.A.,| UNIVERSITY, 1987M.S., ECOLOGY, UNIVERSITY OF TENNESSEE, 1983B.A.,
CHRISTOPHER NORIO AVERY|HARVARD KENNEDY SCHOOL| ADMISSIONS GAME, COAUTHORED| ADMISSIONS GAME, COAUTHORED
CHRISTOPHER PAYNE|INDIANA UNIVERSITY O'NEILL SCHOOL| UNIVERSITY, 1984| UNIVERSITY, 1984
CHUCK RUSSO|INDIANA UNIVERSITY O'NEILL SCHOOL| ENGINEERING,| ENGINEERING,
CLAUDIA N. AVELLANEDA|INDIANA UNIVERSITY O'NEILL SCHOOL| SCIENCE, TEXAS A&M| SCIENCE, TEXAS A&M
CLAYTON NUNES|INDIANA UNIVERSITY O'NEILL SCHOOL|VALUE ERROR|VALUE ERROR
CLINTON OSTER, JR.|INDIANA UNIVERSITY O'NEILL SCHOOL| CARNEGIE-MELLON UNIVERSITY, 1973B.S.E.,| CARNEGIE-MELLON UNIVERSITY, 1973B.S.E.,
COADY WING|INDIANA UNIVERSITY O'NEILL SCHOOL| COLLEGE OF PUBLIC AFFAIRS,| COLLEGE OF PUBLIC AFFAIRS,
CORINNE PRESTON|INDIANA UNIVERSITY O'NEILL SCHOOL| PRESENTY500 GRAPHIC DESIGN FOR ARTS ADMINISTRATION, 2012 –| PRESENTY500 GRAPHIC DESIGN FOR ARTS ADMINISTRATION, 2012 –
CRAIG JOHNSON|INDIANA UNIVERSITY O'NEILL SCHOOL| DISTINCTION NO. 1 CLASS RANKING), SAN JOSE STATE UNIVERSITY, 1984A.A.,| YORK AT ALBANY, 1987B.A.,
CYDNEY MCGUIRE|INDIANA UNIVERSITY O'NEILL SCHOOL| HEALTH AND PREVENTION,| HEALTH AND PREVENTION,
DAISY CRUZ|HARRIS SCHOOL OF PUBLIC POLICY| AFFAIRS TEAM. IN| AFFAIRS TEAM. IN
DAMON JONES|HARRIS SCHOOL OF PUBLIC POLICY| INCLUDE INEQUALITY,| INCLUDE INEQUALITY,
DAN BLACK|HARRIS SCHOOL OF PUBLIC POLICY| UNIVERSITY.| PURDUE UNIVERSITY.
DAN JUDY|HARRIS SCHOOL OF PUBLIC POLICY| OF WASHINGTON’S| RAINIER (14,410
DANA BOZEMAN|HARRIS SCHOOL OF PUBLIC POLICY| IN ILLINOIS| IN ILLINOIS
DANIEL MOSKOWITZ|HARRIS SCHOOL OF PUBLIC POLICY| POLARIZATION, THE U.S.| POLARIZATION, THE U.S.
DANIELLE DUMERER|HARRIS SCHOOL OF PUBLIC POLICY| TOP 25 DOERS, DREAMERS, AND DRIVERS.|ICAGO CHAPTER,
DAVE SCHABES|HARRIS SCHOOL OF PUBLIC POLICY| MANAGEMENT. | FROM 2000 THROUGH 2004. 
DAVE STONE|HARRIS SCHOOL OF PUBLIC POLICY| POLICY’S| POLICY’S ALREADY STRONG REPUTATION.
DAVID CHRISINGER|HARRIS SCHOOL OF PUBLIC POLICY| CONGRESS.| LIFE’S TOUGHEST BATTLES.
DAVID MELTZER|HARRIS SCHOOL OF PUBLIC POLICY| EXAMINING U.S.| PEOPLE 2020,
DAVID ORR|HARRIS SCHOOL OF PUBLIC POLICY| FOR YEARS,| FOR YEARS,
DEBRA GAY|HARRIS SCHOOL OF PUBLIC POLICY| HR (INCLUDING| HR (INCLUDING
DEREK RURY|HARRIS SCHOOL OF PUBLIC POLICY| BIP LAB”.| BIP LAB”.
DEREK WU|HARRIS SCHOOL OF PUBLIC POLICY| UNIVERSITY'S SCHOOL OF PUBLIC AND INTERNATIONAL AFFAIRS.| UNIVERSITY'S SCHOOL OF PUBLIC AND INTERNATIONAL AFFAIRS.
DEVON REBER DREHMER|HARRIS SCHOOL OF PUBLIC POLICY| IS KNOWN AT THE “MOTHER” OF SOCIAL WORK.| THE “MOTHER” OF SOCIAL WORK.
DMITRI KOUSTAS|HARRIS SCHOOL OF PUBLIC POLICY| IN 2018.| IN 2018.
DON COURSEY|HARRIS SCHOOL OF PUBLIC POLICY| POOR,| IN 1989
DONITA COOK|HARRIS SCHOOL OF PUBLIC POLICY|ITY’S| UNIVERSITY.
DONNAN STEELE|HARRIS SCHOOL OF PUBLIC POLICY| A LECTURER| A LECTURER
DOROTHY PARSONS|HARRIS SCHOOL OF PUBLIC POLICY| PLAYERS.| COLLEGE. DOROTHY HOLDS A B.A.
DRAE LAWS|HARRIS SCHOOL OF PUBLIC POLICY| WORK. HE HAS A B.S.| PROGRAM (STAMP).
DAN  MELNICK|INDIANA UNIVERSITY O'NEILL SCHOOL| OF ETHNOLOGY AND FOLKORE,| OF ETHNOLOGY AND FOLKORE,
DAN FLYNN|INDIANA UNIVERSITY O'NEILL SCHOOL|JD, (CUM|JD, (CUM
DAN GRIFFITH|INDIANA UNIVERSITY O'NEILL SCHOOL| UNIVERSITY ROBERT H.| NEGOTIATION AND
DANIEL BEVERLY|INDIANA UNIVERSITY O'NEILL SCHOOL|VALUE ERROR|VALUE ERROR
DANIEL COLE|INDIANA UNIVERSITY O'NEILL SCHOOL| SCHOOL, 1991J.D.,| SCHOOL, 1991J.D.,
DANIEL GRUNDMANN|INDIANA UNIVERSITY O'NEILL SCHOOL| UNIVERSITY, 2015B.A.,| UNIVERSITY, 2015B.A.,
DANIEL PRESTON|INDIANA UNIVERSITY O'NEILL SCHOOL| POLICY IN CUBA - A COMPARATIVE STUDYPOLICY-MAKING| POLICY IN CUBA - A COMPARATIVE STUDYPOLICY-MAKING
DANIEL SIMON|INDIANA UNIVERSITY O'NEILL SCHOOL| POLICIESMICROECONOMICS AND| POLICIESMICROECONOMICS AND
DANIELLE ALLEN|HARVARD KENNEDY SCHOOL|VALUE ERROR|VALUE ERROR
DARIO SALCEDO MONROY|INDIANA UNIVERSITY O'NEILL SCHOOL|VALUE ERROR|VALUE ERROR
DAVE O’GUINN|INDIANA UNIVERSITY O'NEILL SCHOOL|VALUE ERROR|VALUE ERROR
DAVID  KONISKY|INDIANA UNIVERSITY O'NEILL SCHOOL| 2006M.E.M AND M.A., YALE UNIVERSITY, 1998A.B,| 2006M.E.M AND M.A., YALE UNIVERSITY, 1998A.B,
DAVID ARCHER|INDIANA UNIVERSITY O'NEILL SCHOOL|VALUE ERROR|VALUE ERROR
DAVID AUDRETSCH|INDIANA UNIVERSITY O'NEILL SCHOOL| WISCONSIN, 1980M.S., ECONOMICS, UNIVERSITY OF WISCONSIN, 1979B.A.,| WISCONSIN, 1979B.A.,
DAVID BELL|INDIANA UNIVERSITY O'NEILL SCHOOL| PITTSBURGHMPA, UNIVERSITY OF PITTSBURGHB.S.,| PITTSBURGHMPA, UNIVERSITY OF PITTSBURGHB.S.,
DAVID F. PARKHURST|INDIANA UNIVERSITY O'NEILL SCHOOL| 1970M.S., UNIVERSITY OF WISCONSIN-MADISON, 1968B.S.,| 1970M.S., UNIVERSITY OF WISCONSIN-MADISON, 1968B.S.,
DAVID G. EHRLICH|INDIANA UNIVERSITY O'NEILL SCHOOL| POLICY, GEORGETOWN UNIVERSITY, 1989A.B. (WITH DISTINCTION),| POLICY, GEORGETOWN UNIVERSITY, 1989A.B. (WITH DISTINCTION),
DAVID GOOD|INDIANA UNIVERSITY O'NEILL SCHOOL| COLLEGE, 1977B.A.,| PENNSYLVANIA, 1985M.A., BOSTON COLLEGE, 1977B.A.,
DAVID GREGOIRE|INDIANA UNIVERSITY O'NEILL SCHOOL|VALUE ERROR|VALUE ERROR
DAVID HENRY|INDIANA UNIVERSITY O'NEILL SCHOOL| PRACTICEV275 INTRODUCTION TO EMERGENCY MANAGEMENTV499 HONORS THESIS (ADVISOR)| PRACTICEV275 INTRODUCTION TO EMERGENCY MANAGEMENTV499 HONORS THESIS (ADVISOR)
DAWNE DIORIO|INDIANA UNIVERSITY O'NEILL SCHOOL| H322 PRINCIPLES OF EPIDEMIOLOGY,| H322 PRINCIPLES OF EPIDEMIOLOGY,
DEANNA MALATESTA|INDIANA UNIVERSITY O'NEILL SCHOOL| ADMINISTRATION,| ADMINISTRATION,
DENNIS  CROMWELL|INDIANA UNIVERSITY O'NEILL SCHOOL| UNIVERSITYB.S.| UNIVERSITYB.S.
DENVIL DUNCAN|INDIANA UNIVERSITY O'NEILL SCHOOL| THE WEST INDIES, MONA, 2003B.SC.,| THE WEST INDIES, MONA, 2003B.SC.,
DESMOND ANG|HARVARD KENNEDY SCHOOL| OF RACIAL DISCRIMINATION AND HAS BEEN PUBLISHED IN| OF RACIAL DISCRIMINATION AND HAS BEEN PUBLISHED IN
DEVIN JUDGE-LORD|FORD SCHOOL OF PUBLIC POLICY| POLICYMAKING,| POLICYMAKING,
DIANE S. HENSHEL|INDIANA UNIVERSITY O'NEILL SCHOOL| UNIVERSITY, PROVIDENCE R.I., 1978CAPSTONE| UNIVERSITY, PROVIDENCE R.I., 1978CAPSTONE
DOUGLAS BOOHER|INDIANA UNIVERSITY O'NEILL SCHOOL|VALUE ERROR|VALUE ERROR
EDUARDO MONTERO|HARRIS SCHOOL OF PUBLIC POLICY| IN 2018.| IN 2018.
ELAINA MACK|HARRIS SCHOOL OF PUBLIC POLICY|ELAINA IS THE| STUDENTS.  IN
EMILY MAGILL|HARRIS SCHOOL OF PUBLIC POLICY| FOR THE PEARSON INSTITUTE.| HER YOGA TEACHER TRAINING.
ERIC STELTENPOHL|HARRIS SCHOOL OF PUBLIC POLICY| INCLUDING THE WEBSITE.| INCLUDING THE WEBSITE.
ERIC THOMAS|HARRIS SCHOOL OF PUBLIC POLICY| MARCH 2013.| MARCH 2013.
ERIN HOFFMAN|HARRIS SCHOOL OF PUBLIC POLICY| AMERICA’S LAND| AMERICA’S LAND
ERIN KEANE SCOTT|HARRIS SCHOOL OF PUBLIC POLICY| D.C.| IN WASHINGTON, D.C.
ETHAN BUENO DE MESQUITA|HARRIS SCHOOL OF PUBLIC POLICY| AS FOREIGN| MA (2000)
ETHAN RUCKER|HARRIS SCHOOL OF PUBLIC POLICY| 6TH–8TH| TAUGHT 6TH–8TH
EYAL FRANK|HARRIS SCHOOL OF PUBLIC POLICY| M.A. IN ECONOMICS AND B.SC.| OFTEN INFEASIBLE.
EDUARDO ALBRECHT|COLUMBIA SCHOOL OF INTERNATIONAL AND PUBLIC AFFAIRS| RELATIONS PROGRAM DIRECTOR AT MERCY UNIVERSITY, AND AS ADJUNCT ASSOCIATE PROFESSOR IN THE| RELATIONS PROGRAM DIRECTOR AT MERCY UNIVERSITY, AND
EDWARDO L. RHODES|INDIANA UNIVERSITY O'NEILL SCHOOL| CARNEGIE-MELLON UNIVERSITY, 1978A.B., (MAGNA| CARNEGIE-MELLON UNIVERSITY, 1978A.B., (MAGNA
ELI Z. BARATZ|INDIANA UNIVERSITY O'NEILL SCHOOL| UNIVERSITY, O'NEILL, 2018B.A.,| UNIVERSITY, O'NEILL, 2018B.A.,
ELISABETH R. GERBER|FORD SCHOOL OF PUBLIC POLICY| POLICY, COMMUNITY AND ECONOMIC DEVELOPMENT,| ADAPTATION, TRANSPORTATION POLICY, COMMUNITY AND ECONOMIC DEVELOPMENT,
EMILY DERRINGER MEE|INDIANA UNIVERSITY O'NEILL SCHOOL|VALUE ERROR|VALUE ERROR
ERIC  SWANK|INDIANA UNIVERSITY O'NEILL SCHOOL|VALUE ERROR|VALUE ERROR
ESTIMATING THE DISTASTE FOR PRICE GOUGING WITH INCENTIVIZED CONSUMER REPORTS|FORD SCHOOL OF PUBLIC POLICY| POSTDOCTORAL SCHOLAR IN THE| POSTDOCTORAL SCHOLAR IN THE
EUGENE MCGREGOR, JR.|INDIANA UNIVERSITY O'NEILL SCHOOL| MANAGEMENTSTRATEGIC MANAGEMENT| 1969A.B.,
EUIPYO LEE|INDIANA UNIVERSITY O'NEILL SCHOOL| MPA PUBLIC MANAGEMENT, INDIANA UNIVERSITY, 2019  MPA, KOREA UNIVERSITY,  2018BSPA,| MPA PUBLIC MANAGEMENT, INDIANA UNIVERSITY, 2019  MPA, KOREA UNIVERSITY,  2018BSPA,
FAITHE TATUM|HARRIS SCHOOL OF PUBLIC POLICY| OVER 10| OVER 10
FIONA BURLIG|HARRIS SCHOOL OF PUBLIC POLICY| INSTITUTE (EPIC)| INSTITUTE (EPIC)
FRANK J. VILARDO|INDIANA UNIVERSITY O'NEILL SCHOOL| CAROLINA, 1971M.A.,| CAROLINA, 1971M.A.,
FRANK LEWIS|INDIANA UNIVERSITY O'NEILL SCHOOL| WORLDS: MANAGEMENT, MARKETS, & POLICYCURATING IN GALLERIES AND| HISTORY, THE UNIVERSITY OF CHICAGO, 1981B.A.,
GERARDO ESPINAL FRANCO|HARRIS SCHOOL OF PUBLIC POLICY| IN 2015.| IN 2015.
GRACE HAMMOND|HARRIS SCHOOL OF PUBLIC POLICY| RESEARCH CENTERS.  | HER MBA FROM CHICAGO BOOTH.
GREGORY LANE|HARRIS SCHOOL OF PUBLIC POLICY| JOB PORTALS IN INDIA.| JOB PORTALS IN INDIA.
GUILLAUME POULIOT|HARRIS SCHOOL OF PUBLIC POLICY| CHICAGO HARRIS. | CHICAGO HARRIS. 
GABRIELLE GOODWIN|INDIANA UNIVERSITY O'NEILL SCHOOL| TESOL,| LINGUISTICS, TESOL,
GARTH LINDNER|INDIANA UNIVERSITY O'NEILL SCHOOL| COUNTY (UMBC), 2014M.S.,| COUNTY (UMBC), 2014M.S.,
GARY BRANHAM|INDIANA UNIVERSITY O'NEILL SCHOOL| NEGOTIATION &| NEGOTIATION &
GARY HIEFTJE|INDIANA UNIVERSITY O'NEILL SCHOOL| 1969A.B.,| 1969A.B.,
GIZEM ACIKGOZ|COLUMBIA SCHOOL OF INTERNATIONAL AND PUBLIC AFFAIRS| IN APPLICATIONS OF THESE METHODS TO INTERGROUP RELATIONS,| OF DEVELOPMENT,
GLEN SALMON|INDIANA UNIVERSITY O'NEILL SCHOOL| FEAR COMMUNITY COLLEGE, 1977| FEAR COMMUNITY COLLEGE, 1977
GLORIA AYEE|HARVARD KENNEDY SCHOOL|VALUE ERROR|VALUE ERROR
GRAHAM ALLISON|HARVARD KENNEDY SCHOOL| AMERICA'S NATIONAL INTERESTS (1996 AND 2000), A FOUNDING MEMBER OF| AMERICA'S NATIONAL INTERESTS (1996 AND 2000), A FOUNDING MEMBER OF THE
GRAHAM MCKEEN|INDIANA UNIVERSITY O'NEILL SCHOOL| UNIVERSITYB.S.,| UNIVERSITYB.S.,
GREG CROUCH|INDIANA UNIVERSITY O'NEILL SCHOOL| (E400/H455)NUCLEAR TECHNOLOGY, HEALTH, AND THE ENVIRONMENT (E400/H455)| (E400/H455)NUCLEAR TECHNOLOGY, HEALTH, AND THE ENVIRONMENT (E400/H455)
GWEN  WHITE|INDIANA UNIVERSITY O'NEILL SCHOOL| GOSHEN COLLEGE, 1984| GOSHEN COLLEGE, 1984
HALEY SADOVSKY|HARRIS SCHOOL OF PUBLIC POLICY| IN 2016.| MORE.
HANNA SEFEROS|HARRIS SCHOOL OF PUBLIC POLICY| RESOURCES, EVENTS, AND COMMUNICATIONS FOR THE DOS TEAM.| RESOURCES, EVENTS, AND COMMUNICATIONS FOR THE DOS TEAM.
HEDDY LAHMANN|HARRIS SCHOOL OF PUBLIC POLICY| AWARD 2020-2021.| PROGRAMMING.
HENRY PAULSON|HARRIS SCHOOL OF PUBLIC POLICY| IN 1999.| IN 1999.
HILLARY WERNER|HARRIS SCHOOL OF PUBLIC POLICY| IN 2021.| IN 2021.
HOPE MICHELSON|HARRIS SCHOOL OF PUBLIC POLICY| NICARAGUA, AND CHINA.| OUTCOMES.
HOPIE MELTON|HARRIS SCHOOL OF PUBLIC POLICY| FIND WAYS TO EXPLORE THE CITY DURING COVID-19.| TITLED “EMOTIONAL
HSI-LING LIAO|HARRIS SCHOOL OF PUBLIC POLICY| ECONOMY LAB.| ECONOMY LAB.
HENDRIK HAITJEMA|INDIANA UNIVERSITY O'NEILL SCHOOL| OF MINNESOTA, 1982M.S.,| OF MINNESOTA, 1982M.S.,
HENRY K. WAKHUNGU|INDIANA UNIVERSITY O'NEILL SCHOOL| UNIVERSITY, NAIROBI,| UNIVERSITY, BRIGHTON, ENGLAND, 1984B.SC.,
HISHAM AIDI|COLUMBIA SCHOOL OF INTERNATIONAL AND PUBLIC AFFAIRS| AMERICAN CULTURAL DIPLOMACY AND WINNER| AMERICAN CULTURAL DIPLOMACY AND WINNER
INGVIL GAARDER|HARRIS SCHOOL OF PUBLIC POLICY| FLORENCE WITH A PH.D.| INDIVIDUALS.
ISABEAU DASHO|HARRIS SCHOOL OF PUBLIC POLICY| DISSERTATION CHAPTERS.  | DISSERTATION CHAPTERS.  
J. LANDON YODER|INDIANA UNIVERSITY O'NEILL SCHOOL| OF PUBLIC AND ENVIRONMENTAL AFFAIRS, INDIANA UNIVERSITY,|PHD,
J.L.  NAVE|INDIANA UNIVERSITY O'NEILL SCHOOL| CINCINNATIMBA,| CINCINNATIMBA,
JAKE BRAUN|HARRIS SCHOOL OF PUBLIC POLICY| CON 25 AND 26 VOTING VILLAGE REPORTS.| AND 26 VOTING VILLAGE REPORTS.
JAMES A. LEITZEL|HARRIS SCHOOL OF PUBLIC POLICY| CURIOUS (OXFORD UNIVERSITY PRESS, 2015).| CURIOUS (OXFORD UNIVERSITY PRESS, 2015).
JAMES HECKMAN|HARRIS SCHOOL OF PUBLIC POLICY| FROM 2006 TO 2007.| FROM 2006 TO 2007.
JAMES ROBINSON|HARRIS SCHOOL OF PUBLIC POLICY|WEEN 1994 AND 2022.| PROCESSES THAT HAVE SHAPED THE MODERN WORLD.
JASON HANCHAR|HARRIS SCHOOL OF PUBLIC POLICY| TOGETHER. | FRIENDS AND EXPLORING THE CITY.
JASON SAUL|HARRIS SCHOOL OF PUBLIC POLICY| A “40| A “40
JAY LANDAU|HARRIS SCHOOL OF PUBLIC POLICY| THE FIELD| OF ILLINOIS AT CHICAGO.
JEFF BROOM|HARRIS SCHOOL OF PUBLIC POLICY| AND REFLECTIVE|JEFF BROOM IS
JEFF LEVY|HARRIS SCHOOL OF PUBLIC POLICY| POLICY. | OF PUBLIC POLICY. 
JEFF ZOLINE|HARRIS SCHOOL OF PUBLIC POLICY| HSIT-SERVICEDESK@UCHICAGO.EDU.| HSIT-SERVICEDESK@UCHICAGO.EDU.
JEFFREY GROGGER|HARRIS SCHOOL OF PUBLIC POLICY| GROGGER,| WITH LYNN A.
JEN LOMBARDO|HARRIS SCHOOL OF PUBLIC POLICY| SCOPE-AND-SEQUENCE|CCESS.
JENNIFER DELANEY|HARRIS SCHOOL OF PUBLIC POLICY| EDUCATION.| UNIVERSITY, AND A B.A.
JENS LUDWIG|HARRIS SCHOOL OF PUBLIC POLICY| OF THE AMERICAN ECONOMIC REVIEW. IN| AGE 40.
JEREMY EDWARDS|HARRIS SCHOOL OF PUBLIC POLICY| PROGRAM EVALUATION.| CONSULTANT AND EXECUTIVE COACH. 
JESSE DRISCOLL|HARRIS SCHOOL OF PUBLIC POLICY| IN POST-SOVIET STATES,” (2015)| STATES,” (2015)
JESSICA GAGLE|HARRIS SCHOOL OF PUBLIC POLICY| IS THE DIRECTOR| IS THE DIRECTOR
JODI DAILY|HARRIS SCHOOL OF PUBLIC POLICY| CENTRAL ARD.| UNIVERSITY.
JOE SPIWAK|HARRIS SCHOOL OF PUBLIC POLICY| STAFF RELATED| FACILITIES DEPARTMENTS.
JOHN A. LIST|HARRIS SCHOOL OF PUBLIC POLICY| ISSUES RELATED| LIFE (WITH URI GNEEZY).
JOHN BURROWS|HARRIS SCHOOL OF PUBLIC POLICY| ROUNDS LECTURE| SURGERY (APDS).
JOHN OXTOBY|HARRIS SCHOOL OF PUBLIC POLICY| HARVARD BUSINESS SCHOOL.| BUSINESS SCHOOL.
JON MCHENRY|HARRIS SCHOOL OF PUBLIC POLICY| IN 1990 AND 1991. | HILL, THE
JOSHUA GOTTLIEB|HARRIS SCHOOL OF PUBLIC POLICY| LITERATURE'S BOARD OF EDITORS.| THE JOURNAL OF PUBLIC ECONOMICS.
JOSHUA WOLFF|HARRIS SCHOOL OF PUBLIC POLICY|JOSHUA’S|JOSHUA’S
JUSTIN MARLOWE|HARRIS SCHOOL OF PUBLIC POLICY| BOOK CHAPTERS.| PRESS) –
JACOB FARMER|INDIANA UNIVERSITY O'NEILL SCHOOL|MPA, PUBLIC MANAGEMENT,|MPA, PUBLIC MANAGEMENT,
JACQUELINE BHABHA|HARVARD KENNEDY SCHOOL| RIGHTS IN STRASBOURG. SHE HAS PUBLISHED EXTENSIVELY ON| RIGHTS IN STRASBOURG. SHE HAS PUBLISHED EXTENSIVELY ON
JAMES  PERRY|INDIANA UNIVERSITY O'NEILL SCHOOL| UNIVERSITY, 1972B.A.,| UNIVERSITY, 1974M.P.A., SYRACUSE UNIVERSITY, 1972B.A.,
JAMES C. RANDOLPH|INDIANA UNIVERSITY O'NEILL SCHOOL| TEXAS AT AUSTIN, 1968B.A.,| TEXAS AT AUSTIN, 1968B.A.,
JAMES FARMER|INDIANA UNIVERSITY O'NEILL SCHOOL| SYSTEMS AND| SYSTEMS AND
JAMES J. DUDERSTADT|FORD SCHOOL OF PUBLIC POLICY| BLUEPRINT FOR AMERICAN PROSPERITY (WASHINGTON:| BLUEPRINT FOR AMERICAN PROSPERITY (WASHINGTON:
JAVED ALI|FORD SCHOOL OF PUBLIC POLICY| SCHOOL OF LAW, AND AN MA IN INTERNATIONAL RELATIONS| SCHOOL OF LAW, AND AN MA IN INTERNATIONAL RELATIONS
JAYMA MEYER|INDIANA UNIVERSITY O'NEILL SCHOOL| UNIVERSITY LAW CENTER, 1978B.S.,| UNIVERSITY LAW CENTER, 1978B.S.,
JEEYANG RHEE BAUM|HARVARD KENNEDY SCHOOL| FOUNDATION GRANT AND PRESIDENTIAL MANAGEMENT FELLOW,| FOUNDATION GRANT AND PRESIDENTIAL MANAGEMENT FELLOW,
JEFFREY R. WHITE|INDIANA UNIVERSITY O'NEILL SCHOOL| UNIVERSITY, 1979B.A.,| UNIVERSITY, 1979B.A.,
JENNA BEDNAR|FORD SCHOOL OF PUBLIC POLICY| STATE GOVERNMENTS. THIS BOOK MAKES| STATE GOVERNMENTS. THIS BOOK MAKES
JENNIFER  SCHEPERS|INDIANA UNIVERSITY O'NEILL SCHOOL|VALUE ERROR|VALUE ERROR
JENNIFER BRASS|INDIANA UNIVERSITY O'NEILL SCHOOL| AT BERKELEY, 2004B.S. (MAGNA| AT BERKELEY, 2004B.S. (MAGNA
JENNIFER SILVA|INDIANA UNIVERSITY O'NEILL SCHOOL| VIRGINIA, 2006B.A., WELLESLEY COLLEGE, 2004SOCIAL| VIRGINIA, 2006B.A., WELLESLEY COLLEGE, 2004SOCIAL
JESSICA ALEXANDER|COLUMBIA SCHOOL OF INTERNATIONAL AND PUBLIC AFFAIRS| SCHOLAR WHO RECEIVED GRANTS TO| SCHOLAR WHO RECEIVED GRANTS TO
JIE BAI|HARVARD KENNEDY SCHOOL| AFRICA AND SOUTHEAST ASIA, WHERE I HAVE COLLABORATED WITH GOVERNMENTS AND NON-GOVERNMENT| AFRICA AND SOUTHEAST ASIA, WHERE I HAVE COLLABORATED WITH GOVERNMENTS AND NON-GOVERNMENT
JILL  NICHOLSON-CROTTY|INDIANA UNIVERSITY O'NEILL SCHOOL| UNIVERSITY, 1999B.A., KANSAS STATE UNIVERSITY, 1997MANAGEMENT| UNIVERSITY, 1999B.A., KANSAS STATE UNIVERSITY, 1997MANAGEMENT
JIM BILDNER|HARVARD KENNEDY SCHOOL| LIFELONG SAILOR AND PILOT, HE HAS PUBLISHED TWO| SOLVING PUBLIC PROBLEMS,
JOANNA WORONKOWICZ|INDIANA UNIVERSITY O'NEILL SCHOOL| MANAGEMENT FOR| MANAGEMENT FOR
JOE CAUDELL|INDIANA UNIVERSITY O'NEILL SCHOOL|PHD, WILDLIFE BIOLOGY,|PHD, WILDLIFE BIOLOGY,
JOE RYAN|INDIANA UNIVERSITY O'NEILL SCHOOL| ECONOMICS, UC-BERKELEY| ECONOMICS,
JOHN  ZODY|INDIANA UNIVERSITY O'NEILL SCHOOL|M.P.A.,|M.P.A.,
JOHN A. RUPP|INDIANA UNIVERSITY O'NEILL SCHOOL| POLICY FROM| GAS:
JOHN D. CIORCIARI|FORD SCHOOL OF PUBLIC POLICY| ERA (CO-EDITED WITH KIYOTERU TSUTSUI,| ERA (CO-EDITED WITH KIYOTERU TSUTSUI,
JOHN D. GRAHAM|INDIANA UNIVERSITY O'NEILL SCHOOL| AFFAIRS, DUKE UNIVERSITY, 1980B.A.,| AFFAIRS, DUKE UNIVERSITY, 1980B.A.,
JOHN E. SHASSBERGER|INDIANA UNIVERSITY O'NEILL SCHOOL| POSTGRADUATE SCHOOL,| POSTGRADUATE SCHOOL,
JOHN FOX|INDIANA UNIVERSITY O'NEILL SCHOOL|M.P.A., O'NEILL BLOOMINGTON,| BLOOMINGTON,
JOHN GODEC|INDIANA UNIVERSITY O'NEILL SCHOOL|VALUE ERROR|VALUE ERROR
JOHN GREGG|INDIANA UNIVERSITY O'NEILL SCHOOL| MCKINNEY SCHOOL, IU, 1984MPA, INDIANA STATE UNIVERSITY, 1978B.A.,| 1984MPA, INDIANA STATE UNIVERSITY, 1978B.A.,
JOHN LEAHY|FORD SCHOOL OF PUBLIC POLICY|" AFFILIATIONS
ELECTED FELLOW,"|" AFFILIATIONS
ELECTED FELLOW,"
JOHN MCCLELLAND|INDIANA UNIVERSITY O'NEILL SCHOOL| 1997AB, ECONOMICS, MATHEMATICS, AND ENVIRONMENTAL STUDIES,| ECONOMICS,
JOHN R. KARAAGAC|INDIANA UNIVERSITY O'NEILL SCHOOL| RELATIONS, CAMBRIDGE UNIVERSITY, 1987B.A.,| RELATIONS, CAMBRIDGE UNIVERSITY, 1987B.A.,
JOHN T  ZIETLOW|INDIANA UNIVERSITY O'NEILL SCHOOL|VALUE ERROR|VALUE ERROR
JOHN WILEY|INDIANA UNIVERSITY O'NEILL SCHOOL| SCIENCE,| SCIENCE,
JON ELDON|INDIANA UNIVERSITY O'NEILL SCHOOL| CONSERVATION BIOLOGY AND ENVIRONMENTAL SCIENCE, UNIVERSITY OF HAWAII-HILO, 2010B.S.,| STUDIES,
JONATHAN D. RAFF|INDIANA UNIVERSITY O'NEILL SCHOOL| MINNESOTA, 2001A.B., OCCIDENTAL COLLEGE, 1998ENVIRONMENTAL| MINNESOTA, 2001A.B., OCCIDENTAL COLLEGE, 1998ENVIRONMENTAL
JONATHAN HANSON|FORD SCHOOL OF PUBLIC POLICY| IN STATISTICS AT THE FORD SCHOOL. HE IS ALSO| IN STATISTICS AT THE FORD SCHOOL. HE IS ALSO
JONGMIN LEE|INDIANA UNIVERSITY O'NEILL SCHOOL| STUDIES, HONGIK UNIVERSITY, SEOUL, KOREA, 2017| STUDIES, HONGIK UNIVERSITY, SEOUL, KOREA, 2017
JORDAN  SITES|INDIANA UNIVERSITY O'NEILL SCHOOL|B.S. MANAGEMENT INFORMATION SYSTEMS, MIAMI UNIVERSITY, 2008|B.S. MANAGEMENT INFORMATION SYSTEMS, MIAMI UNIVERSITY, 2008
JORDAN HUNTER|INDIANA UNIVERSITY O'NEILL SCHOOL| UNIVERSITY, O'NEILL MPA, BRIGHAM YOUNG UNIVERSITY, 2018B.S.,| UNIVERSITY, O'NEILL MPA, BRIGHAM YOUNG UNIVERSITY, 2018B.S.,
JOSEPH ALDY|HARVARD KENNEDY SCHOOL| FELLOW AT THE NATIONAL BUREAU OF ECONOMIC RESEARCH, AND| FELLOW AT THE NATIONAL BUREAU OF ECONOMIC RESEARCH, AND
JOSEPH SHAW|INDIANA UNIVERSITY O'NEILL SCHOOL| POLYTECHNIC INSTITUTE AND STATE UNIVERSITY, 1992ENVIRONMENTAL| POLYTECHNIC INSTITUTE AND STATE UNIVERSITY, 1992ENVIRONMENTAL
JOSHUA HAUSMAN|FORD SCHOOL OF PUBLIC POLICY| OF ECONOMIC ADVISERS. JOSH WON| OF ECONOMIC ADVISERS. JOSH WON
JULIE BATTILANA|HARVARD KENNEDY SCHOOL| FEATURED| FEATURED
JULIE DUHON|INDIANA UNIVERSITY O'NEILL SCHOOL| UNIVERSITY,| UNIVERSITY,
JULIE M. CARMICHAEL|INDIANA UNIVERSITY O'NEILL SCHOOL| 1986H124 OVERVIEW OF US HEALTHCARE SYSTEMH403 PHARMACEUTICAL INDUSTRY AND| 1986H124 OVERVIEW OF US HEALTHCARE SYSTEMH403 PHARMACEUTICAL INDUSTRY AND
JUSTIN ROSS|INDIANA UNIVERSITY O'NEILL SCHOOL| UNIVERSITY, 2008B.S.,| UNIVERSITY, 2008B.S.,
JUWON CHUNG|INDIANA UNIVERSITY O'NEILL SCHOOL|PH.D CANDIDATE,| AFFAIRS, INDIANA UNIVERSITY, O'NEILL MPA, INDIANA UNIVERSITY, 2021BPA,
KAREN MCCLEARY|HARRIS SCHOOL OF PUBLIC POLICY| IN 2014.| IN 2014.
KARLYN GORSKI|HARRIS SCHOOL OF PUBLIC POLICY| ASSOCIATION (2020).| ASSOCIATION (2020).
KATE RAY|HARRIS SCHOOL OF PUBLIC POLICY| THAT EVALUATED| BIP LAB,
KATE SHANNON BIDDLE|HARRIS SCHOOL OF PUBLIC POLICY| STUDENTS, AND TO IMPLEMENT EFFICIENT PROCESSES.| OUTREACH, AND ACADEMIC ADMINISTRATION.
KATHERINE BAICKER|HARRIS SCHOOL OF PUBLIC POLICY| ON THE MEDICARE PAYMENT ADVISORY COMMISSION.| PAYMENT ADVISORY COMMISSION.
KATHERINE CROSBY|HARRIS SCHOOL OF PUBLIC POLICY| THE BIP| BIP LAB,
KATHRYN IERULLI|HARRIS SCHOOL OF PUBLIC POLICY|KATHRYN IERULLI|KATHRYN IERULLI
KATIE MEYER|HARRIS SCHOOL OF PUBLIC POLICY|" ACADEMIC-RELATED HUMAN RESOURCE MATTERS.
PRIOR"|" HUMAN RESOURCE MATTERS.
PRIOR"
KATIE SILASIRI|HARRIS SCHOOL OF PUBLIC POLICY| OVER 1,000| OVER 1,000
KAVI BHALLA|HARRIS SCHOOL OF PUBLIC POLICY| SOURCES. KAVI| SCIENCES DIVISION
KELLI CLARKSON|HARRIS SCHOOL OF PUBLIC POLICY| IN 2019.| IN 2019.
KELLY HALLBERG|HARRIS SCHOOL OF PUBLIC POLICY| STATISTICS, PREVENTION| A METHODOLOGIST
KELLY LOFGREN|HARRIS SCHOOL OF PUBLIC POLICY| IN 2010.| OPERATIONS.
KENNETTE BENEDICT|HARRIS SCHOOL OF PUBLIC POLICY| INTERNATIONAL SECURITY AGENDA. | FROM 2000-2005.
KERI O'MARA|HARRIS SCHOOL OF PUBLIC POLICY| SHE’S| PUP, GINGER.
KIM KIERAS|HARRIS SCHOOL OF PUBLIC POLICY| ADMINISTRATOR.| ROLE,
KIMBERLY WOLSKE|HARRIS SCHOOL OF PUBLIC POLICY| MANNING (EDS). PSYCHOLOGY| OPINION IN ENVIRONMENTAL SUSTAINABILITY,
KISOO KIM|HARRIS SCHOOL OF PUBLIC POLICY| DEMOCRATIC INSTITUTIONS.| DEMOCRATIC INSTITUTIONS.
KOICHIRO ITO|HARRIS SCHOOL OF PUBLIC POLICY| ACTION LAB,| HIS PERSONAL WEBSITE.
KONSTANTIN SONIN|HARRIS SCHOOL OF PUBLIC POLICY| REVIEW OF ECONOMIC STUDIES,| NATIONAL ACADEMY OF SCIENCES, 110 (2),
KRISINDA DOHERTY|HARRIS SCHOOL OF PUBLIC POLICY| COACHES, PLANNED AND ORGANIZED A STRUCTURED| ACCOUNTANCY AND A BS IN FINANCE.
KRISTINA BUTAEVA|HARRIS SCHOOL OF PUBLIC POLICY| TECHNOLOGY (HKUST) IN 2021.| TECHNOLOGY (HKUST) IN 2021.
KUNAL PAL|HARRIS SCHOOL OF PUBLIC POLICY| FRANKLIN & MARSHALL COLLEGE.| BEHAVIOR, AND STRATEGIC MANAGEMENT.
KAMISSA CAMARA|FORD SCHOOL OF PUBLIC POLICY| THE NATIONAL ENDOWMENT DEMOCRACY, AND PROGRAM OFFICER AT THE| THE
KAREN GAHL-MILLS|INDIANA UNIVERSITY O'NEILL SCHOOL| UNIVERSITYY650 SEMINAR IN ARTS ADMINISTRATIONY558 FUND DEVELOPMENT FOR| NONPROFITSA439 FUND DEVELOPMENT FOR THE ARTSV412 LEADERSHIP AND
KATHLEEN  STEDMAN|INDIANA UNIVERSITY O'NEILL SCHOOL|MBA, HR CONCENTRATION, UPPER IOWA UNIVERSITY, 2016B.A.,|MBA, HR CONCENTRATION, UPPER IOWA UNIVERSITY, 2016B.A.,
KATHRYN  CIMERA|INDIANA UNIVERSITY O'NEILL SCHOOL|VALUE ERROR|VALUE ERROR
KATHRYN M. DOMINGUEZ|FORD SCHOOL OF PUBLIC POLICY| ADVISERS AT THE CONGRESSIONAL BUDGET OFFICE,|" MARKETS
MACROECONOMICS
FOREIGN EXCHANGE RATE BEHAVIOR

RECENT PUBLICATIONS
VISIT DOMINGUEZ'S PERSONAL"
KATHRYN MICHELLE BENAVIDEZ  WESTRICH|INDIANA UNIVERSITY O'NEILL SCHOOL| UNIVERSITY,| UNIVERSITY,
KENNETH R. RICHARDS|INDIANA UNIVERSITY O'NEILL SCHOOL| CAREY LAW SCHOOL, 1997B.S.C.E.,| CAREY LAW SCHOOL, 1997B.S.C.E.,
KERRY KRUTILLA|INDIANA UNIVERSITY O'NEILL SCHOOL| UNIVERSITY, 1985B.A., GRINNELL COLLEGE, 1977BENEFIT-COST| UNIVERSITY, 1985B.A., GRINNELL COLLEGE, 1977BENEFIT-COST
KHALIL ABDUR-RASHID|HARVARD KENNEDY SCHOOL| IN NEW YORK CITY AND| IN NEW YORK CITY AND
KIMBERLY NOVICK|INDIANA UNIVERSITY O'NEILL SCHOOL| NICHOLAS SCHOOL OF THE ENVIRONMENT, 2010B.S.E.,| NICHOLAS SCHOOL OF THE ENVIRONMENT, 2010B.S.E.,
KIRSTEN GRØNBJERG|INDIANA UNIVERSITY O'NEILL SCHOOL| 1970B.A.,| 1970B.A.,
KOSALI SIMON|INDIANA UNIVERSITY O'NEILL SCHOOL| PARK, 1999B.A.,| PARK, 1999B.A.,
LARISA VLADU|HARRIS SCHOOL OF PUBLIC POLICY| PROCEDURES RELATED TO PROCURE TO PAY AT THE UNIVERSITY.| DISTINCTION, AT DEPAUL UNIVERSITY.
LAURA CARROLL|HARRIS SCHOOL OF PUBLIC POLICY| EXPERIENCE,| ONE’S
LEAH GJERTSON|HARRIS SCHOOL OF PUBLIC POLICY| HUMAN SERVICES DIVISION.|DR.
LECHAE MOTTLEY|HARRIS SCHOOL OF PUBLIC POLICY| ALL AGES| OPTIMAL RESULTS.
LEONARD BRASHEAR|HARRIS SCHOOL OF PUBLIC POLICY| UNIVERSITY.  WHILE| OF USER
LESLEY TURNER|HARRIS SCHOOL OF PUBLIC POLICY| IN 2018-19.| IN 2018-19.
LESLIE VILLAVERDE|HARRIS SCHOOL OF PUBLIC POLICY| A LAB| A LAB
LINGYANG ZHANG|HARRIS SCHOOL OF PUBLIC POLICY| TEN YEARS OF EXPERIENCE IN PROGRAM MANAGEMENT.| TEN YEARS
LUIS MARTINEZ|HARRIS SCHOOL OF PUBLIC POLICY| AMERICA.| AMERICA.
LYDIA MAKDAH-MUFARREH|HARRIS SCHOOL OF PUBLIC POLICY|LYDIA MAKDAH-MUFARREH|LYDIA MAKDAH-MUFARREH
LYDIA VELIKO|HARRIS SCHOOL OF PUBLIC POLICY|LYDIA VELIKO|LYDIA VELIKO
LANJUN PENG|INDIANA UNIVERSITY O'NEILL SCHOOL|VALUE ERROR|VALUE ERROR
LAURA HELMKE-LONG|INDIANA UNIVERSITY O'NEILL SCHOOL| CAROLINA AT CHAPEL HILL,| CAROLINA AT CHAPEL HILL,
LAURA JANE DURFEE|INDIANA UNIVERSITY O'NEILL SCHOOL| UNIVERSITY,| UNIVERSITY,
LAURA LITTLEPAGE|INDIANA UNIVERSITY O'NEILL SCHOOL| POLICY, NEW YORK UNIVERSITY,| AFFAIRS, INDIANA UNIVERSITY, 1980NONPROFIT
LAWRENCE BACOW|HARVARD KENNEDY SCHOOL| KENNEDY SCHOOL OF GOVERNMENT’S CENTER FOR PUBLIC LEADERSHIP. HE DEVOTED HIS| HAUSER LEADER-IN-RESIDENCE
LEE H. HAMILTON|INDIANA UNIVERSITY O'NEILL SCHOOL| UNIVERSITY, 1956B.A.,| UNIVERSITY, 1956B.A.,
LEONOR CAMARENA|INDIANA UNIVERSITY O'NEILL SCHOOL| SERVICE AND PUBLIC POLICY, ARIZONA STATE UNIVERSITY, 2014BS,| SERVICE AND PUBLIC POLICY, ARIZONA STATE UNIVERSITY, 2014BS,
LESLEY SNYDER|INDIANA UNIVERSITY O'NEILL SCHOOL| 2013BSHA, INDIANA UNIVERSITY,| 2013BSHA, INDIANA UNIVERSITY, 2009CERTIFICATE IN BUSINESS, INDIANA UNIVERSITY,
LESLIE ABSHIER|INDIANA UNIVERSITY O'NEILL SCHOOL|MPA,|MPA, NONPROFIT MANAGEMENT AND FUND DEVELOPMENT, O'NEILL, INDIANA UNIVERSITY,
LESLIE LENKOWSKY|INDIANA UNIVERSITY O'NEILL SCHOOL| SOCIETY IN COMPARATIVE PERSPECTIVEPRINCIPLES AND| SOCIETY IN COMPARATIVE PERSPECTIVEPRINCIPLES AND
LESTER  WADZINSKI|INDIANA UNIVERSITY O'NEILL SCHOOL| SLIPPERY ROCK UNIVERSITY, 1983B.S.,| SLIPPERY ROCK UNIVERSITY, 1983B.S.,
LIENNE  SETHNA|INDIANA UNIVERSITY O'NEILL SCHOOL| CANDIDATE,| UNIVERSITYB.S., EARTH SCIENCES, THE OHIO STATE UNIVERSITY,
LINDA BILMES|HARVARD KENNEDY SCHOOL|" END IN SIGHT."" SHE IS THE RECIPIENT OF"| MOSCOW WITH THE BOSTON CONSULTING GROUP. SHE IS A MEMBER OF
LISA AMSLER|INDIANA UNIVERSITY O'NEILL SCHOOL| SCHOOL OF LAW, 1979B.A., (MAGNA| SCHOOL OF LAW, 1979B.A., (MAGNA
LOIS RECASCINO WISE|INDIANA UNIVERSITY O'NEILL SCHOOL| JERSEY, 1970MANAGING| JERSEY, 1970MANAGING
LORI GARRAGHTY, CFRE|INDIANA UNIVERSITY O'NEILL SCHOOL|MPA, INDIANA UNIVERSITY, 2008B.A.,|MPA, INDIANA UNIVERSITY, 2008B.A.,
LUIS ARMONA|HARVARD KENNEDY SCHOOL| RESERVE. FOR THE 2022-23 ACADEMIC YEAR, HE WAS A POST-DOCTORAL| RESERVE. FOR THE 2022-23 ACADEMIC YEAR, HE WAS A POST-DOCTORAL
MADHU CAIN|HARRIS SCHOOL OF PUBLIC POLICY| THE 1980S.| THE 1980S.
MADISON ZACCARDELLI|HARRIS SCHOOL OF PUBLIC POLICY| VISITED.| SWEET 7-LB
MAGGIE ELMARAKBY|HARRIS SCHOOL OF PUBLIC POLICY| ROLE. | SINCE 2012,
MAGGIE SHI|HARRIS SCHOOL OF PUBLIC POLICY| HARRIS.| TO JOINING HARRIS.
MALIHA CHISHTI|HARRIS SCHOOL OF PUBLIC POLICY| TORONTO’S| KANDAHAR AFGHANISTAN.
MARC FARINELLA|HARRIS SCHOOL OF PUBLIC POLICY| MANY OTHERS.| SURVEY METHODOLOGY.
MAREIKE SCHOMERUS|HARRIS SCHOOL OF PUBLIC POLICY| CONFLICT (BLOOMSBURY, 2023).| CONFLICT (BLOOMSBURY, 2023).
MARIA ANGÉLICA BAUTISTA|HARRIS SCHOOL OF PUBLIC POLICY| MARIA’S| INTERGENERATIONAL CONSEQUENCES OF REPRESSION.
MARINA WILLIAMS|HARRIS SCHOOL OF PUBLIC POLICY| RELATIONS,| NEGOTIATION, AND PROJECT MANAGEMENT.
MARLEY MANDELARO|HARRIS SCHOOL OF PUBLIC POLICY| EDUCATION, AND PUBLIC SERVICE. MARLEY HOLDS AN A.M.| A 504 COORDINATOR &
MARQUIS HAYES|HARRIS SCHOOL OF PUBLIC POLICY| WITHIN THE ILLINOIS| BROOKS' WORKS OF POETRY.
MARTIN CASTILLO QUINTANA|HARRIS SCHOOL OF PUBLIC POLICY|MARTIN CASTILLO|MARTIN CASTILLO
MARYSUE BARRETT|HARRIS SCHOOL OF PUBLIC POLICY|OPIC, AND PRIVATE SECTOR LEADERS.| IN 2021,
MATT NIKSCH|HARRIS SCHOOL OF PUBLIC POLICY| THEIR 3 SONS.| THEIR 3 SONS.
MATT ROARTY|HARRIS SCHOOL OF PUBLIC POLICY| AID, INC. MATT HAS AN M.A.| AID, INC. MATT HAS AN M.A.
MATTHEW FLEMING|HARRIS SCHOOL OF PUBLIC POLICY| AND REPORTS.| WORK. HE
MATTHEW STAGNER|HARRIS SCHOOL OF PUBLIC POLICY| HUMAN SERVICES. | IN 2013 AFTER SERVING AS EXECUTIVE DIRECTOR OF CHAPIN
MAURICIO VILLACRES|HARRIS SCHOOL OF PUBLIC POLICY| HIS 3-1/2| HIS 3-1/2
MAY WOODARD-HICKEY|HARRIS SCHOOL OF PUBLIC POLICY| NINE YEARS.|" FOURTEEN YEARS.
MAY"
MAYA LOZINSKI|HARRIS SCHOOL OF PUBLIC POLICY| MD/PHD| MD/PHD
MEGAN BUSBICE|HARRIS SCHOOL OF PUBLIC POLICY| AUDIENCES.|" AUDIENCES. 
BEFORE"
MEREDITH SHINER|HARRIS SCHOOL OF PUBLIC POLICY| NEWS! WITH KATIE COURIC.| NEWS! WITH KATIE COURIC.
MICHAEL A. NUTTER|HARRIS SCHOOL OF PUBLIC POLICY| PROUD PARENT TO CHRISTIAN AND OLIVIA.| THAN $11.5
MICHAEL GREENSTONE|HARRIS SCHOOL OF PUBLIC POLICY| ECONOMICS:HTTPS://ECONOMICS.UCHICAGO.EDU/DIRECTORY/MICHAEL-GREENSTONE| ECONOMICS:HTTPS://ECONOMICS.UCHICAGO.EDU/DIRECTORY/MICHAEL-GREENSTONE
MICHAEL KREMER|HARRIS SCHOOL OF PUBLIC POLICY| FROM 1987 TO 2019.| REACHES 4 MILLION PEOPLE VIA THE NGO EVIDENCE ACTION.
MICHAEL MIKLAUCIC|HARRIS SCHOOL OF PUBLIC POLICY| NDU’S FLAGSHIP JOURNAL OF COMPLEX OPERATIONS. | ECONOMICS, AND THE SCHOOL FOR ADVANCED INTERNATIONAL STUDIES. 
MICHAEL TIBORIS|HARRIS SCHOOL OF PUBLIC POLICY| IN 2016.| IN 2016.
MICHELLE MICHELINI|HARRIS SCHOOL OF PUBLIC POLICY| BIP LAB”.| BIP LAB”.
MIGUEL SANTOS|HARRIS SCHOOL OF PUBLIC POLICY|" AMERICA (2008-2009).
MIGUEL"| COMPANIES (1997-2003),
MILVIA RODRIGUEZ|HARRIS SCHOOL OF PUBLIC POLICY| FROM 2015-2019.| FROM 2015-2019.
MIRELA MUNTEANU|HARRIS SCHOOL OF PUBLIC POLICY| NORTHEASTERN ILLINOIS UNIVERSITY.| NORTHEASTERN ILLINOIS UNIVERSITY.
MISHO CEKO|HARRIS SCHOOL OF PUBLIC POLICY| OF ILLINOIS AT CHICAGO.| ST.
MOLLY O'DONNELL|HARRIS SCHOOL OF PUBLIC POLICY| MOLLY HAS A PH.D.| AMERICAN ARCHAEOLOGY,
MAHIMA ACHUTHAN|COLUMBIA SCHOOL OF INTERNATIONAL AND PUBLIC AFFAIRS| ON CORPORATE SOCIAL RESPONSIBILITY AND| MANAGING
MALLORY BARNES|INDIANA UNIVERSITY O'NEILL SCHOOL| ZOOLOGY,| ZOOLOGY,
MARC LAME|INDIANA UNIVERSITY O'NEILL SCHOOL| MANAGEMENTINSECTS AND| MANAGEMENTINSECTS AND
MARCELLA ALSAN|HARVARD KENNEDY SCHOOL| LAB BASED OUT OF MIT. SHE IS| LAB BASED OUT OF MIT. SHE IS
MARK  KRUZAN|INDIANA UNIVERSITY O'NEILL SCHOOL| 2018-PRESENTV340 URBAN GOVERNMENT ADMINISTRATION, 2012-PRESENTV450| 2018-PRESENTV340 URBAN GOVERNMENT ADMINISTRATION, 2012-PRESENTV450
MARK  UEBEL|INDIANA UNIVERSITY O'NEILL SCHOOL| COUNSELING AND GUIDANCE, INDIANA UNIVERSITY, 1978| COUNSELING AND GUIDANCE, INDIANA UNIVERSITY, 1978
MARK LEVIN|INDIANA UNIVERSITY O'NEILL SCHOOL|MPA, KENT STATE UNIVERSITY, 1970B.A.,|MPA, KENT STATE UNIVERSITY, 1970B.A.,
MARK NISWANDER|INDIANA UNIVERSITY O'NEILL SCHOOL| SCIENCE,| SCIENCE,
MARK SHEEHAN|INDIANA UNIVERSITY O'NEILL SCHOOL| 1979MA, INDIANA UNIVERSITY, 1972BA,| 1979MA, INDIANA UNIVERSITY, 1972BA,
MARTA VENIER|INDIANA UNIVERSITY O'NEILL SCHOOL| OF PUBLIC AND ENVIRONMENTAL AFFAIRS, 2008LAUREA| OF PUBLIC AND ENVIRONMENTAL AFFAIRS, 2008LAUREA
MARTHA FARELLA|INDIANA UNIVERSITY O'NEILL SCHOOL| ARIZONA, 2015B.S. GENETICS,| ARIZONA, 2015B.S. GENETICS,
MARY  WILLETT|INDIANA UNIVERSITY O'NEILL SCHOOL| ENGINEERING, PURDUE UNIVERSITY, 1984| ENGINEERING, PURDUE UNIVERSITY, 1984
MARY JO BANE|HARVARD KENNEDY SCHOOL| DEAN AT HKS. SHE IS THE AUTHOR| DEAN AT HKS. SHE IS THE AUTHOR
MARYLIS FANTONI|INDIANA UNIVERSITY O'NEILL SCHOOL| RELATIONS, FEDERAL UNIVERSITY OF RIO DE JANEIRO, 2018| RELATIONS, FEDERAL UNIVERSITY OF RIO DE JANEIRO, 2018
MATTHEW ANDREWS|HARVARD KENNEDY SCHOOL| ON THE TOPICS OF DEVELOPMENT AND MANAGEMENT. HE IS ALSO| ON THE TOPICS OF DEVELOPMENT AND MANAGEMENT. HE IS ALSO
MATTHEW BAGGETTA|INDIANA UNIVERSITY O'NEILL SCHOOL| WELFARE: STATE-BUILDING (O'NEILL SUMMER IN LONDON COURSE| WELFARE: STATE-BUILDING (O'NEILL SUMMER IN LONDON COURSE
MATTHEW BAUM|HARVARD KENNEDY SCHOOL| AMERICAN FOREIGN POLICY IN PARTICULAR,| AMERICAN FOREIGN POLICY IN PARTICULAR,
MAUREEN A. PIROG|INDIANA UNIVERSITY O'NEILL SCHOOL| SCIENCEPOVERTY AND| SCIENCEPOVERTY AND
MAX BAZERMAN|HARVARD KENNEDY SCHOOL| LEADERSHIP AT THE HARVARD KENNEDY SCHOOL. HE IS THE AUTHOR, CO-AUTHOR,| LEADERSHIP AT THE HARVARD KENNEDY SCHOOL. HE IS THE AUTHOR, CO-AUTHOR,
MEGAN  STARNES|INDIANA UNIVERSITY O'NEILL SCHOOL| DEVELOPMENT AND FAMILY STUDIES, IU, 2018BGS,| DEVELOPMENT AND FAMILY STUDIES, IU, 2018BGS,
MELISSA LANEY|INDIANA UNIVERSITY O'NEILL SCHOOL| AFFAIRS (MINOR| AFFAIRS (MINOR
MICHAEL RUSHTON|INDIANA UNIVERSITY O'NEILL SCHOOL| ONTARIO, 1981B.A., UNIVERSITY OF BRITISH COLUMBIA, 1980CULTURAL| ONTARIO, 1981B.A., UNIVERSITY OF BRITISH COLUMBIA, 1980CULTURAL
MICHAEL S. BARR|FORD SCHOOL OF PUBLIC POLICY| SCHOOL OF PUBLIC POLICY, AND WAS THE FOUNDER AND FACULTY DIRECTOR| IN INTERNATIONAL RELATIONS
MINDY KING|INDIANA UNIVERSITY O'NEILL SCHOOL| PSYCHOLOGY,| PSYCHOLOGY,
MIRANDA REDMAN|INDIANA UNIVERSITY O'NEILL SCHOOL|VALUE ERROR|VALUE ERROR
MITCHELL R. BERG|INDIANA UNIVERSITY O'NEILL SCHOOL| STUDIES, MINNESOTA STATE UNIVERSITY MANKATOB.S.,| STUDIES, MINNESOTA STATE UNIVERSITY MANKATOB.S.,
MOLLY  STEWART|INDIANA UNIVERSITY O'NEILL SCHOOL| POLICY STUDIES,| POLICY STUDIES,
MORELA HERNANDEZ|FORD SCHOOL OF PUBLIC POLICY| ON LEADERSHIP AND DIVERSITY, AND IS| ON LEADERSHIP AND DIVERSITY, AND IS
NATHAN BARKER|HARRIS SCHOOL OF PUBLIC POLICY| IN KENYA FOR THE BOMA PROJECT.| IN KENYA FOR THE BOMA PROJECT.
NAVIN KUMAR|HARRIS SCHOOL OF PUBLIC POLICY| NATURAL DISASTERS.| NATURAL DISASTERS.
NED ENGLISH|HARRIS SCHOOL OF PUBLIC POLICY| BOOK CHAPTERS AND CONFERENCE PROCEEDINGS.| HEALTH, AND THE NATIONAL INSTITUTE ON AGING. 
NEHA MEHRA|HARRIS SCHOOL OF PUBLIC POLICY| OF 2016” BY INDIEWIRE.| OF 2016” BY INDIEWIRE.
NICHOLAS MOORE|HARRIS SCHOOL OF PUBLIC POLICY| SON, AND DOG.| PRIORITIES SUCH
NICHOLE HORN|HARRIS SCHOOL OF PUBLIC POLICY| IN 2008.| IN 2008.
NICK FAHNDERS|HARRIS SCHOOL OF PUBLIC POLICY| INCLUDES 10+ YEARS IN CAREER COACHING, STRATEGIC| INCLUDES 10+ YEARS IN CAREER COACHING, STRATEGIC
NORMAN BRADBURN|HARRIS SCHOOL OF PUBLIC POLICY| MANNHEIM, GERMANY.| IN 1994.
NOUR ABDUL-RAZZAK|HARRIS SCHOOL OF PUBLIC POLICY| AND INEQUALITY.| AND INEQUALITY.
NANCY GUYOTT|INDIANA UNIVERSITY O'NEILL SCHOOL| MAURER SCHOOL OF LAW AT BLOOMINGTON,1993A.B.| MAURER SCHOOL OF LAW AT BLOOMINGTON,1993A.B.
NATALIA RAYZOR|INDIANA UNIVERSITY O'NEILL SCHOOL| 1997V457 HR TRAINING AND| 1997V457 HR TRAINING AND
NIKOLAOS ZIROGIANNIS|INDIANA UNIVERSITY O'NEILL SCHOOL| 2013M.S., UNIVERSITY OF MASSACHUSETTS-AMHERST,| 2013M.S., UNIVERSITY OF MASSACHUSETTS-AMHERST,
OEINDRILA DUBE|HARRIS SCHOOL OF PUBLIC POLICY| IN 2002.| IN 2002.
OLIVER  NELSON JR. |INDIANA UNIVERSITY O'NEILL SCHOOL| ARTS,| ARTS,
ORVILLE POWELL|INDIANA UNIVERSITY O'NEILL SCHOOL| 1963B.A.,| 1963B.A.,
OSITA  AFOAKU|INDIANA UNIVERSITY O'NEILL SCHOOL| POLITICAL ECONOMYGLOBAL GOVERNANCE IN THE| POLITICAL ECONOMYGLOBAL GOVERNANCE IN THE
OWEN  WITESMAN|INDIANA UNIVERSITY O'NEILL SCHOOL|VALUE ERROR|VALUE ERROR
PAIGE AZUMA|HARRIS SCHOOL OF PUBLIC POLICY| NATIONAL/INTERNATIONAL FUNDRAISING| CHICAGO’S SCHOOL OF SOCIAL SERVICE ADMINISTRATION.
PAULA WORTHINGTON|HARRIS SCHOOL OF PUBLIC POLICY| FOR RESULTS| IN 1988. 
PETER GANONG|HARRIS SCHOOL OF PUBLIC POLICY| OF 2021.| OF 2021.
PAOLO BELARDINELLI|INDIANA UNIVERSITY O'NEILL SCHOOL| UNIVERSITY, 2014BA, ECONOMICS AND FINANCE, UNIVERSITY OF BOLOGNA,| UNIVERSITY, 2014BA, ECONOMICS AND FINANCE, UNIVERSITY OF BOLOGNA,
PAUL FOGLEMAN|INDIANA UNIVERSITY O'NEILL SCHOOL| YORK, 2002BA, INTERNATIONAL STUDIES AND GERMAN, MISSOURI UNIVERSITY, 1998| YORK, 2002BA, INTERNATIONAL STUDIES AND GERMAN, MISSOURI UNIVERSITY, 1998
PAUL HELMKE|INDIANA UNIVERSITY O'NEILL SCHOOL| SCIENCE, INDIANA UNIVERSITY, 1970COMMUNICATIONS| SCIENCE, INDIANA UNIVERSITY, 1970COMMUNICATIONS
PAULA LANTZ|FORD SCHOOL OF PUBLIC POLICY| UPSTREAM POLICY CHANGES TO| DIRECT DEMOCRACY AND ABORTION POLICY IN THE 2022 MIDTERM ELECTIONS: WINS AND CAVEATS.
PERRY MAULL|INDIANA UNIVERSITY O'NEILL SCHOOL| UNIVERSITYB.S.| UNIVERSITYB.S.
PHIL LEHMKUHLER|INDIANA UNIVERSITY O'NEILL SCHOOL|MPA,|MPA,
PHILIP S. STEVENS|INDIANA UNIVERSITY O'NEILL SCHOOL| TOPICS IN ATMOSPHERIC CHEMISTRYAIR POLLUTION AND| TOPICS IN ATMOSPHERIC CHEMISTRYAIR POLLUTION AND
PHOEBE  WAKHUNGU|INDIANA UNIVERSITY O'NEILL SCHOOL| UNIVERSITY, O'NEILL 2004B.S., UNIVERSITY OF NAIROBI| UNIVERSITY, O'NEILL 2004B.S., UNIVERSITY OF NAIROBI
QUINN RALLINS|HARRIS SCHOOL OF PUBLIC POLICY| OF 2021 FELLOW.  QUINN| OF 2021 FELLOW. 
R.J. WOODRING|INDIANA UNIVERSITY O'NEILL SCHOOL| UNIVERSITY BLOOMINGTONM.S.,| UNIVERSITY BLOOMINGTONM.S.,
RAAJ SAH|HARRIS SCHOOL OF PUBLIC POLICY| QUOTATION (FROM TRESCH) |ERS, IDEAS, SSRN,
RAHMATULLAH HAMRAZ|HARRIS SCHOOL OF PUBLIC POLICY| ECONOMICS, AT PANJAB UNIVERSITY IN INDIA.| ECONOMICS, AT PANJAB UNIVERSITY IN INDIA.  IN
RANJAN DANIELS|HARRIS SCHOOL OF PUBLIC POLICY| AND OPENING NEW INTERNATIONAL MARKETS. | AND OPENING NEW INTERNATIONAL MARKETS. 
RAUL SANCHEZ DE LA SIERRA|HARRIS SCHOOL OF PUBLIC POLICY| SINCE 2009.| CALLING  
REBECCA HOU|HARRIS SCHOOL OF PUBLIC POLICY| OVER 300 GRADUATE STUDENTS.| OVER 300 GRADUATE STUDENTS.
REBECCA WOLFE|HARRIS SCHOOL OF PUBLIC POLICY| BASED,|EORETICALLY GROUNDED
RENA DASCAL|HARRIS SCHOOL OF PUBLIC POLICY| THAN 15 YEARS OF EXPERIENCE IN FUNDRAISING,| THAN 15 YEARS OF EXPERIENCE IN FUNDRAISING,
RENAE FENTRESS|HARRIS SCHOOL OF PUBLIC POLICY| CHILDREN.| HER HUSBAND AND THREE CHILDREN.
RENE BAUTISTA|HARRIS SCHOOL OF PUBLIC POLICY| NEWS, NBC NEWS AND THE ASSOCIATED PRESS.| AND METHODOLOGY.
RICHARD DELEWSKY|HARRIS SCHOOL OF PUBLIC POLICY| TO D&I,| M.S.
ROBERT GOERGE|HARRIS SCHOOL OF PUBLIC POLICY|ROBERT M.| FELLOW, CHAPIN
ROBERT KAESTNER|HARRIS SCHOOL OF PUBLIC POLICY| (SUNY). | UNIVERSITY (SUNY). 
ROBERT OWENS|HARRIS SCHOOL OF PUBLIC POLICY| POLICE DISCIPLINARY PROCESS.| POLICE DISCIPLINARY PROCESS.
ROBERT ROSNER|HARRIS SCHOOL OF PUBLIC POLICY| BOOTH SCHOOL OF BUSINESS.| ENVIRONMENTS.
ROBERT T. MICHAEL|HARRIS SCHOOL OF PUBLIC POLICY| STUDY 2002–2006.| STUDY 2002–2006.
ROGER MYERSON|HARRIS SCHOOL OF PUBLIC POLICY| IN 2001.| IN 2001.
RONALD GIBBS|HARRIS SCHOOL OF PUBLIC POLICY| VIETNAM VETERANS| COMMONLY KNOWN
RONI RAULWING|HARRIS SCHOOL OF PUBLIC POLICY| THAN 15 YEARS.| THAN 15 YEARS.
RUOQI HUANG|HARRIS SCHOOL OF PUBLIC POLICY| IN 2016.| IN 2016.
RYAN KELLOGG|HARRIS SCHOOL OF PUBLIC POLICY| AND RYAN KELLOGG (2015),| AND RYAN KELLOGG (2011),
RACHEL CASH|INDIANA UNIVERSITY O'NEILL SCHOOL|MPA, UMKC,|MPA, UMKC,
RAFAEL REUVENY|INDIANA UNIVERSITY O'NEILL SCHOOL| ISRAEL INSTITUTE OF TECHNOLOGY, 1978D669| ISRAEL INSTITUTE OF TECHNOLOGY, 1978D669
REBECCA WARREN|INDIANA UNIVERSITY O'NEILL SCHOOL| INDIANA UNIVERSITY-PURDUE| INDIANA UNIVERSITY-PURDUE
RHONDA BAIRD|INDIANA UNIVERSITY O'NEILL SCHOOL|VALUE ERROR|VALUE ERROR
RICHARD HANSEN|INDIANA UNIVERSITY O'NEILL SCHOOL|VALUE ERROR|VALUE ERROR
RICHARD L. HALL|FORD SCHOOL OF PUBLIC POLICY|" CAROLINA AT CHAPEL HILL.
HONORS AND AWARDS
SAMUEL"|" CAROLINA AT CHAPEL HILL.
HONORS AND AWARDS
SAMUEL"
ROBERT BEHN|HARVARD KENNEDY SCHOOL| THE| THE
ROBERT C. HAMPSHIRE|FORD SCHOOL OF PUBLIC POLICY| INSTITUTE FOR DATA SCIENCE (MIDAS), AND AN AFFILIATED FACULTY MEMBER IN| INSTITUTE FOR DATA SCIENCE (MIDAS), AND AN AFFILIATED FACULTY MEMBER IN
ROBERT HANSEN|INDIANA UNIVERSITY O'NEILL SCHOOL| UNIVERSITY,| UNIVERSITY,
ROBERT S. KRAVCHUK|INDIANA UNIVERSITY O'NEILL SCHOOL| 1977B.A.,| CONNECTICUT, 1977B.A.,
ROGER  PARKS|INDIANA UNIVERSITY O'NEILL SCHOOL| 1972S.B.,| 1972S.B.,
ROGER MORRIS|INDIANA UNIVERSITY O'NEILL SCHOOL| INSTRUCTIONAL SYSTEMS TECHNOLOGY, INDIANA UNIVERSITY, 1991B.A.,| INSTRUCTIONAL SYSTEMS TECHNOLOGY, INDIANA UNIVERSITY, 1991B.A.,
ROHIT AGGARWALA|COLUMBIA SCHOOL OF INTERNATIONAL AND PUBLIC AFFAIRS| YORK CITY AND OF CANADA.  HIS WORK HAS APPEARED IN BLOOMBERG VIEW,| ON TRANSPORTATION, ENVIRONMENTAL POLICY, AND
RONALD HITES|INDIANA UNIVERSITY O'NEILL SCHOOL| ANALYTICAL CHEMISTRY, MASSACHUSETTS INSTITUTE OF TECHNOLOGY, 1968B.A.,| ANALYTICAL CHEMISTRY, MASSACHUSETTS INSTITUTE OF TECHNOLOGY, 1968B.A.,
ROY W. SHIN|INDIANA UNIVERSITY O'NEILL SCHOOL| 1969M.A., UNIVERSITY OF MINNESOTA, 1962B.A.,| 1969M.A., UNIVERSITY OF MINNESOTA, 1962B.A.,
RYAN MUSHINSKI|INDIANA UNIVERSITY O'NEILL SCHOOL| 2017B.S.,| 2017B.S.,
SABA DEVDARIANI|HARRIS SCHOOL OF PUBLIC POLICY| POLITICS, AND BUREAUCRATIC POLITICS.| POLITICS, AND BUREAUCRATIC POLITICS.
SABRINA DIRK|HARRIS SCHOOL OF PUBLIC POLICY|" COOKING
2) CATS
3)"|" COOKING
2) CATS
3)"
SADIA SINDHU|HARRIS SCHOOL OF PUBLIC POLICY| MATTERS RELATED| MATTERS RELATED
SAMANTHA GEHM|HARRIS SCHOOL OF PUBLIC POLICY| UNIVERSITY'S HRIS.| UNIVERSITY'S HRIS.
SAMANTHA JOHNSON|HARRIS SCHOOL OF PUBLIC POLICY| UNIVERSITY (GSU),| WORLD'S MOST PRESSING PROBLEMS.
SAMMI WILLIAMS|HARRIS SCHOOL OF PUBLIC POLICY| COLLEGE, JAMES MADISON COLLEGE.| REFORM. ORIGINALLY FROM ST.
SANAM KAZI|HARRIS SCHOOL OF PUBLIC POLICY|SANAM KAZI| MASTER’S PROGRAM TO EARN HER MA IN PUBLIC POLICY.
SARAH JANE CHRYSLER|HARRIS SCHOOL OF PUBLIC POLICY| IN 2020,| CAREER RELATED TO LIVE EVENTS. AFTER AN INTERNSHIP AT THE LYRIC
SCOTT ASHWORTH|HARRIS SCHOOL OF PUBLIC POLICY|SCOTT ASHWORTH|SCOTT ASHWORTH
SCOTT GEHLBACH|HARRIS SCHOOL OF PUBLIC POLICY| NEW PH.D.| NEW PH.D.
SEAN DURKIN|HARRIS SCHOOL OF PUBLIC POLICY| AND VERTICAL| AND VERTICAL
SEIYA KAWASHIMA|HARRIS SCHOOL OF PUBLIC POLICY| IN 2019.| IN 2019.
SETH RACHLIN|HARRIS SCHOOL OF PUBLIC POLICY|DR.|DR.
SHAMUS REGAN|HARRIS SCHOOL OF PUBLIC POLICY| SATISFACTION REPORTS| APPLICATIONS DESIGNING A JAVA-BASED WEB PORTAL
SHAODA WANG|HARRIS SCHOOL OF PUBLIC POLICY| RESEARCH (NBER).| RESEARCH (NBER).
SHEILA KOHANTEB|HARRIS SCHOOL OF PUBLIC POLICY| NORTHERN IRELAND,| UNIVERSITY.
SHELLEY DAVIS|HARRIS SCHOOL OF PUBLIC POLICY| FOUNDATION. SHELLEY CREDITS| COLLEGE’S STUDENTS AND ALUMNI.
SHENG-HAO LO|HARRIS SCHOOL OF PUBLIC POLICY| STATISTICS, DATA| BOOTH SCHOOL OF BUSINESS.
SHILIN LIU|HARRIS SCHOOL OF PUBLIC POLICY| OTHER—FROM STUDENTS TO FACULTY TO STAFF.”| THE WAYS
SIBYL DAY|HARRIS SCHOOL OF PUBLIC POLICY| UNIVERSITY’S SCHOOL OF PUBLIC HEALTH.| AND EVALUATION, CLIENT RELATIONSHIP MANAGEMENT.
STELLA MOY|HARRIS SCHOOL OF PUBLIC POLICY| THE AMERICAS IN CANADA AND BRAZIL. | UNIVERSITY OF CHICAGO. 
STEVEN DURLAUF|HARRIS SCHOOL OF PUBLIC POLICY|IRICAL ANALOGS OF THESE MODELS.| EMPIRICAL ANALOGS OF THESE MODELS.
STEVEN STRONGIN|HARRIS SCHOOL OF PUBLIC POLICY| CHICAGO,| SPENT 12 YEARS
SUE BURKE|HARRIS SCHOOL OF PUBLIC POLICY| IN OXFORD, OHIO.| COMMUNICATION &
SUSAN MAYER|HARRIS SCHOOL OF PUBLIC POLICY| AGRICULTURE'S| OF CHAPIN
SWAPNA PISIPATI|HARRIS SCHOOL OF PUBLIC POLICY| IN 2017,| ALL EVENTS.
SAMEEKSHA DESAI|INDIANA UNIVERSITY O'NEILL SCHOOL| GLOBALIZATION AND| GLOBALIZATION AND
SAMUEL BAGENSTOS|FORD SCHOOL OF PUBLIC POLICY| THE EMPLOYMENT NON-DISCRIMINATION ACT, AND| HAS BEEN A FACULTY MEMBER AT HARVARD LAW SCHOOL AND WAS A VISITING
SANDY  CLARK-KOLAKS|INDIANA UNIVERSITY O'NEILL SCHOOL|VALUE ERROR|VALUE ERROR
SARAH COHODES|FORD SCHOOL OF PUBLIC POLICY|" VERSION
	PRESS COVERAGE: FOR ALL (MINNEAPOLIS FEDERAL RESERVE BANK)
COHODES,"| PAPER 31056, 2023.
SARAH MINCEY|INDIANA UNIVERSITY O'NEILL SCHOOL| SCHOOL OF PUBLIC AND ENVIRONMENTAL AFFAIRS, INDIANA UNIVERSITY,| SCHOOL OF PUBLIC AND ENVIRONMENTAL AFFAIRS, INDIANA UNIVERSITY,
SARAH POWERS|INDIANA UNIVERSITY O'NEILL SCHOOL| UNIVERSITY 2008| UNIVERSITY 2008
SCOTT BURGINS|INDIANA UNIVERSITY O'NEILL SCHOOL|MPA, INDIANA UNIVERSITY,|MPA, INDIANA UNIVERSITY,
SEAN  LONG|INDIANA UNIVERSITY O'NEILL SCHOOL| UNIVERSITY BLOOMINGTON, 2004B.A.,| UNIVERSITY BLOOMINGTON, 2004B.A.,
SEAN  NICHOLSON-CROTTY|INDIANA UNIVERSITY O'NEILL SCHOOL| POLICYSTRATEGIC MANAGEMENT PUBLIC/NONPROFIT| POLICYSTRATEGIC MANAGEMENT PUBLIC/NONPROFIT
SERGIO FERNANDEZ|INDIANA UNIVERSITY O'NEILL SCHOOL| MANAGEMENTPUBLIC ORGANIZATION &| MANAGEMENTPUBLIC ORGANIZATION &
SETH FREEDMAN|INDIANA UNIVERSITY O'NEILL SCHOOL| MANAGEMENTSTATISTICS FOR| MANAGEMENTSTATISTICS FOR RESEARCH IN PUBLIC AFFAIRS II
SHAHZEEN  ATTARI|INDIANA UNIVERSITY O'NEILL SCHOOL| PHYSICS, UNIVERSITY OF ILLINOIS, 2004HUMAN| PHYSICS, UNIVERSITY OF ILLINOIS, 2004HUMAN
SHAWNA GIRGIS|INDIANA UNIVERSITY O'NEILL SCHOOL|VALUE ERROR|VALUE ERROR
SHELLYE SUTTLES|INDIANA UNIVERSITY O'NEILL SCHOOL| ANALYSIS FOR EFFECTIVE DECISION MAKINGSPEA V550 –| ANALYSIS FOR EFFECTIVE DECISION MAKINGSPEA V550 –
SIÂN MOONEY|INDIANA UNIVERSITY O'NEILL SCHOOL| STATE UNIVERSITY, 1998M.SC.,| STATE UNIVERSITY, 1998M.SC.,
SOFFIA ALARCON|COLUMBIA SCHOOL OF INTERNATIONAL AND PUBLIC AFFAIRS| ESG- AND GREEN-GREENWASHING.  IN THE ACADEMIC WORLD,| ESG- AND GREEN-GREENWASHING.  IN THE ACADEMIC WORLD,
STACI  CAPOZZI|INDIANA UNIVERSITY O'NEILL SCHOOL| SCIENCE, RAMAPO COLLEGE OF NEW JERSEY, 2010| JERSEY, 2016B.S., ENVIRONMENTAL SCIENCE,
STEPHANIE LEISER|FORD SCHOOL OF PUBLIC POLICY| LOCAL GOVERNMENT FISCAL HEALTH PROJECT AT THE| LOCAL GOVERNMENT FISCAL HEALTH PROJECT AT THE
STEPHEN GLAHOLT|INDIANA UNIVERSITY O'NEILL SCHOOL| SANTA BARBARA,1998| SANTA BARBARA,1998
STEVE ELLER|INDIANA UNIVERSITY O'NEILL SCHOOL|MBA,| INDIANA WESLEYAN,
STEVE LUCAS|INDIANA UNIVERSITY O'NEILL SCHOOL| MILITARY UNIVERSITYBA,| NORTHCENTRAL UNIVERSITYMS, EMERGENCY AND DISASTER MANAGEMENT,
SUSAN M. COLLINS|FORD SCHOOL OF PUBLIC POLICY|" GROWTH: COMPARING CHINA AND INDIA,"" (WITH BARRY BOSWORTH)"|" GROWTH: COMPARING CHINA AND INDIA,"" (WITH BARRY BOSWORTH)"
SUSAN SIENA|INDIANA UNIVERSITY O'NEILL SCHOOL| CALIFORNIA, BERKELEY, 1991B.A. (SUMMA CUM| CALIFORNIA, BERKELEY, 1991B.A. (SUMMA CUM
TABITHA CLARK|HARRIS SCHOOL OF PUBLIC POLICY| NORTHEASTERN ILLINOIS UNIVERSITY AND HER M.A.| NORTHEASTERN ILLINOIS UNIVERSITY AND HER M.A.
TALEIA BECTON- HILL|HARRIS SCHOOL OF PUBLIC POLICY| UNIVERSITY (NOW PURDUE UNIVERSITY GLOBAL).| UNIVERSITY (NOW PURDUE UNIVERSITY GLOBAL).
TANYA HINES|HARRIS SCHOOL OF PUBLIC POLICY| UNIVERSITY, NEW JERSEY.| PREPARED REPORTS
TARESHA COX|HARRIS SCHOOL OF PUBLIC POLICY| ALMOST 9 YEARS. I| ALMOST 9 YEARS. I
TERENCE CHAU|HARRIS SCHOOL OF PUBLIC POLICY| THERE! I'M AN ECONOMIST AND PH.D.| THERE! I'M AN ECONOMIST AND PH.D.
TERESA DAVIS|HARRIS SCHOOL OF PUBLIC POLICY| EXPERIENCES, INCLUDING EXPERTISE AS A K-12| EXPERIENCES, INCLUDING EXPERTISE AS A K-12
TERRI BRADY|HARRIS SCHOOL OF PUBLIC POLICY| MEDIATOR (NORTHWESTERN|ARD’S
THEASTER GATES|HARRIS SCHOOL OF PUBLIC POLICY| PLACE LAB| PLACE LAB
THOMAS COLEMAN|HARRIS SCHOOL OF PUBLIC POLICY| INCOME DERIVATIVES|EDGE FUND
THOMAS HAZINSKI|HARRIS SCHOOL OF PUBLIC POLICY|" TERMINAL 5 AT O’HARE AIRPORT.
TOM"|" TERMINAL 5 AT O’HARE AIRPORT.
TOM"
TIMOTHY KNOWLES|HARRIS SCHOOL OF PUBLIC POLICY| COST-EFFICIENT. |RONMENT—WORKING
TOM DAY|HARRIS SCHOOL OF PUBLIC POLICY| IN 2009 AND 2010.| IN 2009 AND 2010.
TOMAS PHILIPSON|HARRIS SCHOOL OF PUBLIC POLICY| INVESTOR'S BUSINESS DAILY, AND USA TODAY. HE|ENCES, AND THE UK NATIONAL HEALTH SERVICE.
TRAVIS KAVULLA|HARRIS SCHOOL OF PUBLIC POLICY| WESTERN UNITED STATES.| CHILDREN.
TRICIA MCCANN|HARRIS SCHOOL OF PUBLIC POLICY| PROGRAMMING –| PROGRAMMING –
TARA  ALI|INDIANA UNIVERSITY O'NEILL SCHOOL|VALUE ERROR|VALUE ERROR
TEMIRLAN T.  MOLDOGAZIEV |INDIANA UNIVERSITY O'NEILL SCHOOL| ASIA, 2000| ASIA, 2000
TERRI L. RENNER|INDIANA UNIVERSITY O'NEILL SCHOOL| UNIVERSITY, 1983HEALTH|M.B.A., INDIANA UNIVERSITY, 1985B.A., INDIANA UNIVERSITY, 1983HEALTH
TERRY AMSLER|INDIANA UNIVERSITY O'NEILL SCHOOL| FRANCISCO, 1987| FRANCISCO, 1987
THEODORE  MILLER|INDIANA UNIVERSITY O'NEILL SCHOOL| 1970B.S.| 1970B.S.
THOMAS M. RABOVSKY|INDIANA UNIVERSITY O'NEILL SCHOOL| 2013M.P.A., UNIVERSITY OF OKLAHOMA, 2008B.A.,| 2013M.P.A., UNIVERSITY OF OKLAHOMA, 2008B.A.,
TIM  WATERS|INDIANA UNIVERSITY O'NEILL SCHOOL|VALUE ERROR|VALUE ERROR
TIM BERRY|INDIANA UNIVERSITY O'NEILL SCHOOL| UNIVERSITYBS IN BUSINESS ADMINISTRATION,| GREEN STATE
TODD V. ROYER|INDIANA UNIVERSITY O'NEILL SCHOOL| ECOLOGY, IOWA STATE UNIVERSITY, 1992LIMNOLOGYSTREAM| ECOLOGY, IOWA STATE UNIVERSITY, 1992LIMNOLOGYSTREAM
TRENT  ENGBERS|INDIANA UNIVERSITY O'NEILL SCHOOL| SCHOOL OF PUBLIC AND ENVIRONMENTAL AFFAIRSM.A.,| PARKB.S.,
TRENT MOORE|INDIANA UNIVERSITY O'NEILL SCHOOL| PERSONNEL, OHIO UNIVERSITY,| PERSONNEL, OHIO UNIVERSITY, 2014B.S.,
TRIBBLE BRADLEY|INDIANA UNIVERSITY O'NEILL SCHOOL| UNIVERSITY;| UNIVERSITY;
TRISHA BUSHEY|INDIANA UNIVERSITY O'NEILL SCHOOL| UNIVERSITY IN ST. LOUIS, 2004B.A.,| UNIVERSITY IN ST. LOUIS, 2004B.A.,
URSULA M.  KUHAR|INDIANA UNIVERSITY O'NEILL SCHOOL| ADMINISTRATION WITH HONORS, BUTLER UNIVERSITY, 2005ARTS| ADMINISTRATION WITH HONORS, BUTLER UNIVERSITY, 2005ARTS
VALENTA KABO|FORD SCHOOL OF PUBLIC POLICY| ECONOMICS, AND| ECONOMICS, AND
VICKY MERETSKY|INDIANA UNIVERSITY O'NEILL SCHOOL| ECOLOGY, HUMBOLDT STATE UNIVERSITY, ARCATA, CA, 1988B.SC.,| ECOLOGY, HUMBOLDT STATE UNIVERSITY, ARCATA, CA, 1988B.SC.,
VICTOR  KELSON|INDIANA UNIVERSITY O'NEILL SCHOOL|VALUE ERROR|VALUE ERROR
W. GYUDE MOORE|HARRIS SCHOOL OF PUBLIC POLICY| IN 2021.| IN 2021.
WHIT AYRES|HARRIS SCHOOL OF PUBLIC POLICY| LOS ANGELES TIMES, USA TODAY, AND| LOS ANGELES TIMES, USA TODAY, AND
WIL BURNS|HARRIS SCHOOL OF PUBLIC POLICY| OVER 80 ARTICLES AND CHAPTERS IN LAW,| SCIENCES,
WILLIAM HOWELL|HARRIS SCHOOL OF PUBLIC POLICY| AFFAIRS, FOREIGN| JOURNAL, FOREIGN
WILLIAM TOWNS|HARRIS SCHOOL OF PUBLIC POLICY| OF 4S BAY PARTNERS,| OF 4S BAY PARTNERS, LLC’S
WIOLETTA DZIUDA|HARRIS SCHOOL OF PUBLIC POLICY| ASSOCIATE PROFESSOR| ASSOCIATE PROFESSOR
WESLEY  ERWIN|INDIANA UNIVERSITY O'NEILL SCHOOL| IN KINESIOLOGY, 2006BACHELOR OF GENERAL STUDIES, 2000| IN KINESIOLOGY, 2006BACHELOR OF GENERAL STUDIES, 2000
WOOSERK PARK|INDIANA UNIVERSITY O'NEILL SCHOOL| UNIVERSITY, O'NEILL MPA, CITY UNIVERSITY OF NEW YORK,| UNIVERSITY, O'NEILL MPA, CITY UNIVERSITY OF NEW YORK,
YALUN SU|HARRIS SCHOOL OF PUBLIC POLICY| OF LABOR MARKETS. “DISABILITY| OF LABOR MARKETS. “DISABILITY
YANA GALLEN|HARRIS SCHOOL OF PUBLIC POLICY| IN 2016.| IN 2016.
YUKIKO ASAI|HARRIS SCHOOL OF PUBLIC POLICY| POLICY.  PRIOR| AND LECTURER IN LABOR
YAZIER HENRY|FORD SCHOOL OF PUBLIC POLICY| INTELLECTUAL, SCHOLAR,| INTELLECTUAL, SCHOLAR,
YOUSIF HASSAN|FORD SCHOOL OF PUBLIC POLICY| AI STRATEGY:|" AI STRATEGY: CURRENT DEBATES AND APPROACHES. DISCOVER ARTIFICIAL INTELLIGENCE.  
HASSAN,"
ZAREK BROT-GOLDBERG |HARRIS SCHOOL OF PUBLIC POLICY| IN 2018.| IN 2018.
ZHAOSONG RUAN|HARRIS SCHOOL OF PUBLIC POLICY| II (PHD).| AND THE POLITICAL
ZOE (ZHONGYU) WU|HARRIS SCHOOL OF PUBLIC POLICY| HARRIS,| IN ILLINOIS,
ZHIYING LI|INDIANA UNIVERSITY O'NEILL SCHOOL| ACADEMY OF SCIENCES, BEIJING, CHINA,2017B.S.,| GEOGRAPHY, THE OHIO STATE UNIVERSITY, 2021M.S.,
